2641622,ENG,,,,,,12985883,12985883,2641622,,MTHSPL,SU,A5PTS27URJ,"INFLUENZA A VIRUS A/VICTORIA/4897/2022 IVR-238 (H1N1) ANTIGEN (UV, FORMALDEHYDE INACTIVATED)",,N,4096,
2641622,ENG,,,,,,12985885,12985885,2641622,,MTHSPL,SU,9HA5C4XL36,"INFLUENZA A VIRUS A/VICTORIA/4897/2022 IVR-238 (H1N1) HEMAGGLUTININ ANTIGEN (UV, FORMALDEHYDE INACTIVATED)",,N,4096,
2708995,ENG,,,,,,12984979,12984979,2708995,,MTHSPL,SU,L38QVJ42SY,INFLUENZA A VIRUS A/Croatia/10136RV/2023 X-425A (H3N2) ANTIGEN (PROPIOLACTONE INACTIVATED),,N,4096,
2708995,ENG,,,,,,12984980,12984980,2708995,,MTHSPL,SU,R3KQM5Q4QF,INFLUENZA A VIRUS A/Croatia/10136RV/2023 X-425A (H3N2) HEMAGGLUTININ ANTIGEN (PROPIOLACTONE INACTIVATED),,N,4096,
2708995,ENG,,,,,,12985880,12985880,2708995,,MTHSPL,SU,98PQP6K6TA,"INFLUENZA A VIRUS A/Croatia/10136RV/2023 X-425A (H3N2) ANTIGEN (UV, FORMALDEHYDE INACTIVATED)",,N,4096,
2708995,ENG,,,,,,12985881,12985881,2708995,,MTHSPL,SU,7VP5R7Z722,"INFLUENZA A VIRUS A/Croatia/10136RV/2023 X-425A (H3N2) HEMAGGLUTININ ANTIGEN (UV, FORMALDEHYDE INACTIVATED)",,N,4096,
2717943,ENG,,,,,,12984986,12984986,2717943,,MTHSPL,SU,4HH5SUR63T,"INFLUENZA A VIRUS A/Victoria/800/2024 CVR-289 (H3N2) ANTIGEN (MDCK CELL DERIVED, PROPIOLACTONE INACTIVATED)",,N,4096,
2717943,ENG,,,,,,12984987,12984987,2717943,,MTHSPL,SU,9V9Y969F8M,"INFLUENZA A VIRUS A/Victoria/800/2024 CVR-289 (H3N2) HEMAGGLUTININ ANTIGEN (MDCK CELL DERIVED, PROPIOLACTONE INACTIVATED)",,N,4096,
2717943,ENG,,,,,,12985067,12985067,2717943,,RXNORM,PIN,2717943,influenza A virus A/Victoria/800/2024 (H3N2) antigen,,N,4096,
2717944,ENG,,,,,,12985048,12985048,2717944,,MTHSPL,SU,O5ZD2TU2B7,Sebetralstat,,N,4096,
2717944,ENG,,,,,,12985068,12985068,2717944,,RXNORM,IN,2717944,sebetralstat,,N,4096,
2717945,ENG,,,,,,12985069,12985069,2717945,,RXNORM,SCDC,2717945,sebetralstat 300 MG,,N,4096,
2717946,ENG,,,,,,12985070,12985070,2717946,,RXNORM,SCDG,2717946,sebetralstat Oral Product,,N,4096,
2717947,ENG,,,,,,12985071,12985071,2717947,,RXNORM,SCDG,2717947,sebetralstat Pill,,N,4096,
2717948,ENG,,,,,,12985072,12985072,2717948,,RXNORM,SCDF,2717948,sebetralstat Oral Tablet,,N,4096,
2717949,ENG,,,,,,12985073,12985073,2717949,,RXNORM,SCD,2717949,sebetralstat 300 MG Oral Tablet,,N,4096,
2717949,ENG,,,,,,12985082,12985082,2717949,,RXNORM,PSN,2717949,sebetralstat 300 MG Oral Tablet,,N,4096,
2717950,ENG,,,,,,12985074,12985074,2717950,,RXNORM,BN,2717950,Ekterly,,N,4096,
2717951,ENG,,,,,,12985075,12985075,2717951,,RXNORM,SBDC,2717951,sebetralstat 300 MG [Ekterly],,N,4096,
2717952,ENG,,,,,,12985076,12985076,2717952,,RXNORM,SBDG,2717952,Ekterly Oral Product,,N,4096,
2717953,ENG,,,,,,12985077,12985077,2717953,,RXNORM,SBDG,2717953,Ekterly Pill,,N,4096,
2717954,ENG,,,,,,12985078,12985078,2717954,,RXNORM,SBDF,2717954,sebetralstat Oral Tablet [Ekterly],,N,4096,
2717955,ENG,,,,,,12985049,12985049,2717955,,MTHSPL,DP,82928-300,Sebetralstat 300 mg ORAL TABLET [EKTERLY],,N,4096,
2717955,ENG,,,,,,12985079,12985079,2717955,,RXNORM,SBD,2717955,sebetralstat 300 MG Oral Tablet [Ekterly],,N,4096,
2717955,ENG,,,,,,12985080,12985080,2717955,,RXNORM,SY,2717955,Ekterly 300 MG Oral Tablet,,N,4096,
2717955,ENG,,,,,,12985081,12985081,2717955,,RXNORM,PSN,2717955,Ekterly 300 MG Oral Tablet,,N,4096,
2718365,ENG,,,,,,12985762,12985762,2718365,,RXNORM,SCDC,2718365,influenza A virus A/Victoria/800/2024 (H3N2) antigen 0.03 MG/ML,,N,4096,
2718367,ENG,,,,,,12985764,12985764,2718367,,RXNORM,SCDFP,2718367,influenza A virus A/Georgia/12/2022 (H1N1) antigen / influenza A virus A/Victoria/800/2024 (H3N2) antigen / influenza B virus B/Singapore/WUH4618/2021 antigen Injectable Suspension,,N,4096,
2718368,ENG,,,,,,12985765,12985765,2718368,,RXNORM,SCD,2718368,influenza A virus A/Georgia/12/2022 (H1N1) antigen 0.03 MG/ML / influenza A virus A/Victoria/800/2024 (H3N2) antigen 0.03 MG/ML / influenza B virus B/Singapore/WUH4618/2021 antigen 0.03 MG/ML Injectable Suspension,,N,4096,
2718368,ENG,,,,,,12985773,12985773,2718368,,RXNORM,SY,2718368,influenza virus vaccine 2025-2026 (trivalent - Georgia/Victoria/Singapore) Injectable Suspension,,N,4096,
2718368,ENG,,,,,,12985774,12985774,2718368,,RXNORM,PSN,2718368,influenza virus vaccine 2025-2026 (trivalent - Georgia/Victoria/Singapore) Injectable Suspension,,N,4096,
2718369,ENG,,,,,,12985766,12985766,2718369,,RXNORM,BN,2718369,Flucelvax 2025-2026,,N,4096,
2718370,ENG,,,,,,12985767,12985767,2718370,,RXNORM,SBDC,2718370,influenza A virus A/Georgia/12/2022 (H1N1) antigen 0.03 MG/ML / influenza A virus A/Victoria/800/2024 (H3N2) antigen 0.03 MG/ML / influenza B virus B/Singapore/WUH4618/2021 antigen 0.03 MG/ML [Flucelvax 2025-2026],,N,4096,
2718371,ENG,,,,,,12985768,12985768,2718371,,RXNORM,SBDG,2718371,Flucelvax 2025-2026 Injectable Product,,N,4096,
2718372,ENG,,,,,,12985769,12985769,2718372,,RXNORM,SBDF,2718372,influenza A virus (H1N1) antigen / influenza A virus (H3N2) antigen / influenza B virus antigen Injectable Suspension [Flucelvax 2025-2026],,N,4096,
2718373,ENG,,,,,,12985770,12985770,2718373,,RXNORM,SBDFP,2718373,influenza A virus A/Georgia/12/2022 (H1N1) antigen / influenza A virus A/Victoria/800/2024 (H3N2) antigen / influenza B virus B/Singapore/WUH4618/2021 antigen Injectable Suspension [Flucelvax 2025-2026],,N,4096,
2718374,ENG,,,,,,12984981,12984981,2718374,,MTHSPL,DP,70461-555,"INFLUENZA A VIRUS A/Georgia/12/2022 CVR-167 (H1N1) ANTIGEN (MDCK CELL DERIVED, PROPIOLACTONE INACTIVATED) 15 ug in 0.5 mL / INFLUENZA A VIRUS A/Victoria/800/2024 CVR-289 (H3N2) ANTIGEN (MDCK CELL DERIVED, PROPIOLACTONE INACTIVATED) 15 ug in 0.5 mL / INFLUENZA B VIRUS B/Singapore/WUH4618/2021 ANTIGEN (MDCK CELL DERIVED, PROPIOLACTONE INACTIVATED) 15 ug in 0.5 mL INTRAMUSCULAR INJECTION, SUSPENSION [Flucelvax]",,N,4096,
2718374,ENG,,,,,,12985771,12985771,2718374,,RXNORM,SBD,2718374,influenza A virus A/Georgia/12/2022 (H1N1) antigen 0.03 MG/ML / influenza A virus A/Victoria/800/2024 (H3N2) antigen 0.03 MG/ML / influenza B virus B/Singapore/WUH4618/2021 antigen 0.03 MG/ML Injectable Suspension [Flucelvax 2025-2026],,N,4096,
2718374,ENG,,,,,,12985772,12985772,2718374,,RXNORM,SY,2718374,Flucelvax 2025-2026 vaccine Injectable Suspension,,N,4096,
2718374,ENG,,,,,,12985775,12985775,2718374,,RXNORM,PSN,2718374,FLUCELVAX 2025-2026 vaccine Injectable Suspension,,N,4096,
2718377,ENG,,,,,,12985776,12985776,2718377,,RXNORM,SCDFP,2718377,influenza A virus A/Georgia/12/2022 (H1N1) antigen / influenza A virus A/Victoria/800/2024 (H3N2) antigen / influenza B virus B/Singapore/WUH4618/2021 antigen Prefilled Syringe,,N,4096,
2718378,ENG,,,,,,12985777,12985777,2718378,,RXNORM,SCD,2718378,0.5 ML influenza A virus A/Georgia/12/2022 (H1N1) antigen 0.03 MG/ML / influenza A virus A/Victoria/800/2024 (H3N2) antigen 0.03 MG/ML / influenza B virus B/Singapore/WUH4618/2021 antigen 0.03 MG/ML Prefilled Syringe,,N,4096,
2718378,ENG,,,,,,12985784,12985784,2718378,,RXNORM,SY,2718378,influenza virus vaccine 2025-2026 (trivalent - Georgia/Victoria/Singapore) 0.5 ML Prefilled Syringe,,N,4096,
2718378,ENG,,,,,,12985785,12985785,2718378,,RXNORM,PSN,2718378,influenza virus vaccine 2025-2026 (trivalent - Georgia/Victoria/Singapore) 0.5 ML Prefilled Syringe,,N,4096,
2718380,ENG,,,,,,12985779,12985779,2718380,,RXNORM,SBDF,2718380,influenza A virus (H1N1) antigen / influenza A virus (H3N2) antigen / influenza B virus antigen Prefilled Syringe [Flucelvax 2025-2026],,N,4096,
2718381,ENG,,,,,,12985780,12985780,2718381,,RXNORM,SBDFP,2718381,influenza A virus A/Georgia/12/2022 (H1N1) antigen / influenza A virus A/Victoria/800/2024 (H3N2) antigen / influenza B virus B/Singapore/WUH4618/2021 antigen Prefilled Syringe [Flucelvax 2025-2026],,N,4096,
2718382,ENG,,,,,,12984982,12984982,2718382,,MTHSPL,DP,70461-655,"INFLUENZA A VIRUS A/Georgia/12/2022 CVR-167 (H1N1) ANTIGEN (MDCK CELL DERIVED, PROPIOLACTONE INACTIVATED) 15 ug in 0.5 mL / INFLUENZA A VIRUS A/Victoria/800/2024 CVR-289 (H3N2) ANTIGEN (MDCK CELL DERIVED, PROPIOLACTONE INACTIVATED) 15 ug in 0.5 mL / INFLUENZA B VIRUS B/Singapore/WUH4618/2021 ANTIGEN (MDCK CELL DERIVED, PROPIOLACTONE INACTIVATED) 15 ug in 0.5 mL INTRAMUSCULAR INJECTION, SUSPENSION [Flucelvax]",,N,4096,
2718382,ENG,,,,,,12985781,12985781,2718382,,RXNORM,SBD,2718382,0.5 ML influenza A virus A/Georgia/12/2022 (H1N1) antigen 0.03 MG/ML / influenza A virus A/Victoria/800/2024 (H3N2) antigen 0.03 MG/ML / influenza B virus B/Singapore/WUH4618/2021 antigen 0.03 MG/ML Prefilled Syringe [Flucelvax 2025-2026],,N,4096,
2718382,ENG,,,,,,12985783,12985783,2718382,,RXNORM,SY,2718382,Flucelvax 2025-2026 vaccine 0.5 ML Prefilled Syringe,,N,4096,
2718382,ENG,,,,,,12985790,12985790,2718382,,RXNORM,PSN,2718382,FLUCELVAX 2025-2026 vaccine 0.5 ML Prefilled Syringe,,N,4096,
2718385,ENG,,,,,,12985792,12985792,2718385,,RXNORM,SCDFP,2718385,influenza A virus A/Croatia/10136RV/2023 (H3N2) antigen / influenza A virus A/Victoria/4897/2022 (H1N1) antigen / influenza B virus B/Austria/1359417/2021 antigen Prefilled Syringe,,N,4096,
2718386,ENG,,,,,,12985793,12985793,2718386,,RXNORM,SCD,2718386,0.5 ML influenza A virus A/Croatia/10136RV/2023 (H3N2) antigen 0.03 MG/ML / influenza A virus A/Victoria/4897/2022 (H1N1) antigen 0.03 MG/ML / influenza B virus B/Austria/1359417/2021 antigen 0.03 MG/ML Prefilled Syringe,,N,4096,
2718386,ENG,,,,,,12985803,12985803,2718386,,RXNORM,SY,2718386,influenza virus vaccine 2025-2026 (trivalent - Croatia/Victoria/Austria) 0.5 ML Prefilled Syringe,,N,4096,
2718386,ENG,,,,,,12985804,12985804,2718386,,RXNORM,PSN,2718386,influenza virus vaccine 2025-2026 (trivalent - Croatia/Victoria/Austria) 0.5 ML Prefilled Syringe,,N,4096,
2718388,ENG,,,,,,12985795,12985795,2718388,,RXNORM,BN,2718388,Fluad 2025-2026,,N,4096,
2718389,ENG,,,,,,12985796,12985796,2718389,,RXNORM,SBDC,2718389,influenza A virus A/Croatia/10136RV/2023 (H3N2) antigen 0.03 MG/ML / influenza A virus A/Victoria/4897/2022 (H1N1) antigen 0.03 MG/ML / influenza B virus B/Austria/1359417/2021 antigen 0.03 MG/ML [Fluad 2025-2026],,N,4096,
2718390,ENG,,,,,,12985797,12985797,2718390,,RXNORM,SBDG,2718390,Fluad 2025-2026 Injectable Product,,N,4096,
2718391,ENG,,,,,,12985798,12985798,2718391,,RXNORM,SBDF,2718391,influenza A virus (H1N1) antigen / influenza A virus (H3N2) antigen / influenza B virus antigen Prefilled Syringe [Fluad 2025-2026],,N,4096,
2718392,ENG,,,,,,12985799,12985799,2718392,,RXNORM,SBDFP,2718392,influenza A virus A/Croatia/10136RV/2023 (H3N2) antigen / influenza A virus A/Victoria/4897/2022 (H1N1) antigen / influenza B virus B/Austria/1359417/2021 antigen Prefilled Syringe [Fluad 2025-2026],,N,4096,
2718393,ENG,,,,,,12984983,12984983,2718393,,MTHSPL,DP,70461-025,"INFLUENZA A VIRUS A/VICTORIA/4897/2022 IVR-238 (H1N1) ANTIGEN (FORMALDEHYDE INACTIVATED) 15 ug in 0.5 mL / INFLUENZA A VIRUS A/CROATIA/10136RV/2023 X-425A (H3N2) ANTIGEN (FORMALDEHYDE INACTIVATED) 15 ug in 0.5 mL / INFLUENZA B VIRUS B/AUSTRIA/1359417/2021 BVR-26 ANTIGEN (FORMALDEHYDE INACTIVATED) 15 ug in 0.5 mL INTRAMUSCULAR INJECTION, SUSPENSION [FLUAD]",,N,4096,
2718393,ENG,,,,,,12985800,12985800,2718393,,RXNORM,SBD,2718393,0.5 ML influenza A virus A/Croatia/10136RV/2023 (H3N2) antigen 0.03 MG/ML / influenza A virus A/Victoria/4897/2022 (H1N1) antigen 0.03 MG/ML / influenza B virus B/Austria/1359417/2021 antigen 0.03 MG/ML Prefilled Syringe [Fluad 2025-2026],,N,4096,
2718393,ENG,,,,,,12985802,12985802,2718393,,RXNORM,SY,2718393,Fluad 2025-2026 vaccine 0.5 ML Prefilled Syringe,,N,4096,
2718393,ENG,,,,,,12985808,12985808,2718393,,RXNORM,PSN,2718393,FLUAD 2025-2026 vaccine 0.5 ML Prefilled Syringe,,N,4096,
2718395,ENG,,,,,,12985810,12985810,2718395,,RXNORM,BN,2718395,Afluria 2025-2026,,N,4096,
2718396,ENG,,,,,,12985811,12985811,2718396,,RXNORM,SBDC,2718396,influenza A virus A/Croatia/10136RV/2023 (H3N2) antigen 0.03 MG/ML / influenza A virus A/Victoria/4897/2022 (H1N1) antigen 0.03 MG/ML / influenza B virus B/Austria/1359417/2021 antigen 0.03 MG/ML [Afluria 2025-2026],,N,4096,
2718397,ENG,,,,,,12985812,12985812,2718397,,RXNORM,SBDG,2718397,Afluria 2025-2026 Injectable Product,,N,4096,
2718398,ENG,,,,,,12985813,12985813,2718398,,RXNORM,SBDF,2718398,influenza A virus (H1N1) antigen / influenza A virus (H3N2) antigen / influenza B virus antigen Prefilled Syringe [Afluria 2025-2026],,N,4096,
2718399,ENG,,,,,,12985814,12985814,2718399,,RXNORM,SBDFP,2718399,influenza A virus A/Croatia/10136RV/2023 (H3N2) antigen / influenza A virus A/Victoria/4897/2022 (H1N1) antigen / influenza B virus B/Austria/1359417/2021 antigen Prefilled Syringe [Afluria 2025-2026],,N,4096,
2718400,ENG,,,,,,12984984,12984984,2718400,,MTHSPL,DP,33332-025,"INFLUENZA A VIRUS A/Victoria/4897/2022 IVR-238 (H1N1) ANTIGEN (PROPIOLACTONE INACTIVATED) 15 ug in 0.5 mL / INFLUENZA A VIRUS A/Croatia/10136RV/2023 X-425A (H3N2) ANTIGEN (PROPIOLACTONE INACTIVATED) 15 ug in 0.5 mL / INFLUENZA B VIRUS B/Austria/1359417/2021 BVR-26 ANTIGEN (PROPIOLACTONE INACTIVATED) 15 ug in 0.5 mL INTRAMUSCULAR INJECTION, SUSPENSION [Afluria]",,N,4096,
2718400,ENG,,,,,,12985815,12985815,2718400,,RXNORM,SBD,2718400,0.5 ML influenza A virus A/Croatia/10136RV/2023 (H3N2) antigen 0.03 MG/ML / influenza A virus A/Victoria/4897/2022 (H1N1) antigen 0.03 MG/ML / influenza B virus B/Austria/1359417/2021 antigen 0.03 MG/ML Prefilled Syringe [Afluria 2025-2026],,N,4096,
2718400,ENG,,,,,,12985817,12985817,2718400,,RXNORM,SY,2718400,Afluria 2025-2026 vaccine 0.5 ML Prefilled Syringe,,N,4096,
2718400,ENG,,,,,,12985820,12985820,2718400,,RXNORM,PSN,2718400,afluria 2025-2026 vaccine 0.5 ML Prefilled Syringe,,N,4096,
2718402,ENG,,,,,,12985821,12985821,2718402,,RXNORM,SCDFP,2718402,influenza A virus A/Croatia/10136RV/2023 (H3N2) antigen / influenza A virus A/Victoria/4897/2022 (H1N1) antigen / influenza B virus B/Austria/1359417/2021 antigen Injectable Suspension,,N,4096,
2718403,ENG,,,,,,12985822,12985822,2718403,,RXNORM,SCD,2718403,influenza A virus A/Croatia/10136RV/2023 (H3N2) antigen 0.03 MG/ML / influenza A virus A/Victoria/4897/2022 (H1N1) antigen 0.03 MG/ML / influenza B virus B/Austria/1359417/2021 antigen 0.03 MG/ML Injectable Suspension,,N,4096,
2718403,ENG,,,,,,12985827,12985827,2718403,,RXNORM,SY,2718403,influenza virus vaccine 2025-2026 (trivalent - Croatia/Victoria/Austria) Injectable Suspension,,N,4096,
2718403,ENG,,,,,,12985828,12985828,2718403,,RXNORM,PSN,2718403,influenza virus vaccine 2025-2026 (trivalent - Croatia/Victoria/Austria) Injectable Suspension,,N,4096,
2718404,ENG,,,,,,12985823,12985823,2718404,,RXNORM,SBDF,2718404,influenza A virus (H1N1) antigen / influenza A virus (H3N2) antigen / influenza B virus antigen Injectable Suspension [Afluria 2025-2026],,N,4096,
2718405,ENG,,,,,,12985824,12985824,2718405,,RXNORM,SBDFP,2718405,influenza A virus A/Croatia/10136RV/2023 (H3N2) antigen / influenza A virus A/Victoria/4897/2022 (H1N1) antigen / influenza B virus B/Austria/1359417/2021 antigen Injectable Suspension [Afluria 2025-2026],,N,4096,
2718406,ENG,,,,,,12984985,12984985,2718406,,MTHSPL,DP,33332-125,"INFLUENZA A VIRUS A/Victoria/4897/2022 IVR-238 (H1N1) ANTIGEN (PROPIOLACTONE INACTIVATED) 15 ug in 0.5 mL / INFLUENZA A VIRUS A/Croatia/10136RV/2023 X-425A (H3N2) ANTIGEN (PROPIOLACTONE INACTIVATED) 15 ug in 0.5 mL / INFLUENZA B VIRUS B/Austria/1359417/2021 BVR-26 ANTIGEN (PROPIOLACTONE INACTIVATED) 15 ug in 0.5 mL INTRAMUSCULAR INJECTION, SUSPENSION [Afluria]",,N,4096,
2718406,ENG,,,,,,12985825,12985825,2718406,,RXNORM,SBD,2718406,influenza A virus A/Croatia/10136RV/2023 (H3N2) antigen 0.03 MG/ML / influenza A virus A/Victoria/4897/2022 (H1N1) antigen 0.03 MG/ML / influenza B virus B/Austria/1359417/2021 antigen 0.03 MG/ML Injectable Suspension [Afluria 2025-2026],,N,4096,
2718406,ENG,,,,,,12985826,12985826,2718406,,RXNORM,SY,2718406,Afluria 2025-2026 vaccine 0.5 ML Injectable Suspension,,N,4096,
2718406,ENG,,,,,,12985829,12985829,2718406,,RXNORM,PSN,2718406,afluria 2025-2026 vaccine 0.5 ML Injectable Suspension,,N,4096,
2718457,ENG,,,,,,12985912,12985912,2718457,,RXNORM,BN,2718457,Flulaval 2025-2026,,N,4096,
2718458,ENG,,,,,,12985913,12985913,2718458,,RXNORM,SBDC,2718458,influenza A virus A/Croatia/10136RV/2023 (H3N2) antigen 0.03 MG/ML / influenza A virus A/Victoria/4897/2022 (H1N1) antigen 0.03 MG/ML / influenza B virus B/Austria/1359417/2021 antigen 0.03 MG/ML [Flulaval 2025-2026],,N,4096,
2718459,ENG,,,,,,12985914,12985914,2718459,,RXNORM,SBDG,2718459,Flulaval 2025-2026 Injectable Product,,N,4096,
2718460,ENG,,,,,,12985915,12985915,2718460,,RXNORM,SBDF,2718460,influenza A virus (H1N1) antigen / influenza A virus (H3N2) antigen / influenza B virus antigen Prefilled Syringe [Flulaval 2025-2026],,N,4096,
2718461,ENG,,,,,,12985916,12985916,2718461,,RXNORM,SBDFP,2718461,influenza A virus A/Croatia/10136RV/2023 (H3N2) antigen / influenza A virus A/Victoria/4897/2022 (H1N1) antigen / influenza B virus B/Austria/1359417/2021 antigen Prefilled Syringe [Flulaval 2025-2026],,N,4096,
2718462,ENG,,,,,,12985884,12985884,2718462,,MTHSPL,DP,19515-904,"INFLUENZA A VIRUS A/VICTORIA/4897/2022 IVR-238 (H1N1) ANTIGEN (UV, FORMALDEHYDE INACTIVATED) 15 ug in 0.5 mL / INFLUENZA A VIRUS A/Croatia/10136RV/2023 X-425A (H3N2) ANTIGEN (UV, FORMALDEHYDE INACTIVATED) 15 ug in 0.5 mL / INFLUENZA B VIRUS B/AUSTRIA/1359417/2021 BVR-26 ANTIGEN (UV, FORMALDEHYDE INACTIVATED) 15 ug in 0.5 mL INTRAMUSCULAR SUSPENSION [FLULAVAL 2025/2026]",,N,4096,
2718462,ENG,,,,,,12985917,12985917,2718462,,RXNORM,SBD,2718462,0.5 ML influenza A virus A/Croatia/10136RV/2023 (H3N2) antigen 0.03 MG/ML / influenza A virus A/Victoria/4897/2022 (H1N1) antigen 0.03 MG/ML / influenza B virus B/Austria/1359417/2021 antigen 0.03 MG/ML Prefilled Syringe [Flulaval 2025-2026],,N,4096,
2718462,ENG,,,,,,12985919,12985919,2718462,,RXNORM,PSN,2718462,FLULAVAL 2025-2026 vaccine 0.5 ML Prefilled Syringe,,N,4096,
2718462,ENG,,,,,,12985920,12985920,2718462,,RXNORM,SY,2718462,Flulaval 2025-2026 vaccine 0.5 ML Prefilled Syringe,,N,4096,
2718464,ENG,,,,,,12985921,12985921,2718464,,RXNORM,BN,2718464,Fluzone 2025-2026,,N,4096,
2718465,ENG,,,,,,12985922,12985922,2718465,,RXNORM,SBDC,2718465,influenza A virus A/Croatia/10136RV/2023 (H3N2) antigen 0.12 MG/ML / influenza A virus A/Victoria/4897/2022 (H1N1) antigen 0.12 MG/ML / influenza B virus B/Michigan/01/2021 antigen 0.12 MG/ML [Fluzone 2025-2026],,N,4096,
2718466,ENG,,,,,,12985923,12985923,2718466,,RXNORM,SBDG,2718466,Fluzone 2025-2026 Injectable Product,,N,4096,
2718467,ENG,,,,,,12985924,12985924,2718467,,RXNORM,SBDF,2718467,influenza A virus (H1N1) antigen / influenza A virus (H3N2) antigen / influenza B virus antigen Prefilled Syringe [Fluzone 2025-2026],,N,4096,
2718468,ENG,,,,,,12985925,12985925,2718468,,RXNORM,SBDFP,2718468,influenza A virus A/Croatia/10136RV/2023 (H3N2) antigen / influenza A virus A/Victoria/4897/2022 (H1N1) antigen / influenza B virus B/Michigan/01/2021 antigen Prefilled Syringe [Fluzone 2025-2026],,N,4096,
2718469,ENG,,,,,,12985882,12985882,2718469,,MTHSPL,DP,49281-125,"INFLUENZA A VIRUS A/VICTORIA/4897/2022 IVR-238 (H1N1) ANTIGEN (FORMALDEHYDE INACTIVATED) 60 ug in 0.5 mL / INFLUENZA A VIRUS A/CROATIA/10136RV/2023 X-425A (H3N2) ANTIGEN (FORMALDEHYDE INACTIVATED) 60 ug in 0.5 mL / INFLUENZA B VIRUS B/MICHIGAN/01/2021 ANTIGEN (FORMALDEHYDE INACTIVATED) 60 ug in 0.5 mL INTRAMUSCULAR INJECTION, SUSPENSION [FLUZONE HIGH DOSE NORTHERN HEMISPHERE]",,N,4096,
2718469,ENG,,,,,,12985926,12985926,2718469,,RXNORM,SBD,2718469,0.5 ML influenza A virus A/Croatia/10136RV/2023 (H3N2) antigen 0.12 MG/ML / influenza A virus A/Victoria/4897/2022 (H1N1) antigen 0.12 MG/ML / influenza B virus B/Michigan/01/2021 antigen 0.12 MG/ML Prefilled Syringe [Fluzone 2025-2026],,N,4096,
2718469,ENG,,,,,,12985928,12985928,2718469,,RXNORM,SY,2718469,Fluzone 2025-2026 high-dose vaccine 0.5 ML Prefilled Syringe,,N,4096,
2718469,ENG,,,,,,12985929,12985929,2718469,,RXNORM,PSN,2718469,Fluzone 2025-2026 high-dose vaccine 0.5 ML Prefilled Syringe,,N,4096,
2718471,ENG,,,,,,12985888,12985888,2718471,,MTHSPL,DP,84454-001,MINOXIDIL 5 g in 100 mL / ROSEMARY 5 g in 100 mL TOPICAL LIQUID [5% Minoxidil and 5% Rosemary for Hair Care],,N,4096,
2718811,ENG,,,,,,12986983,12986983,2718811,,MTHSPL,DP,84010-146,ARNICA MONTANA 7 g in 100 g TOPICAL CREAM [NATUHEAL JOINT BACK PAIN RELIEF],,N,4096,
2719193,ENG,,,,,,12987741,12987741,2719193,,RXNORM,BN,2719193,Pyquvi,,N,4096,
2719194,ENG,,,,,,12987742,12987742,2719194,,RXNORM,SBDC,2719194,deflazacort 22.75 MG/ML [Pyquvi],,N,4096,
2719195,ENG,,,,,,12987743,12987743,2719195,,RXNORM,SBDG,2719195,Pyquvi Oral Product,,N,4096,
2719196,ENG,,,,,,12987744,12987744,2719196,,RXNORM,SBDG,2719196,Pyquvi Oral Liquid Product,,N,4096,
2719197,ENG,,,,,,12987745,12987745,2719197,,RXNORM,SBDF,2719197,deflazacort Oral Suspension [Pyquvi],,N,4096,
2719198,ENG,,,,,,12987152,12987152,2719198,,MTHSPL,DP,73289-0089,DEFLAZACORT 22.75 mg in 1 mL ORAL SUSPENSION [PYQUVI],,N,4096,
2719198,ENG,,,,,,12987746,12987746,2719198,,RXNORM,SBD,2719198,deflazacort 22.75 MG/ML Oral Suspension [Pyquvi],,N,4096,
2719198,ENG,,,,,,12987747,12987747,2719198,,RXNORM,SY,2719198,Pyquvi 22.75 MG/ML Oral Suspension,,N,4096,
2719198,ENG,,,,,,12987841,12987841,2719198,,RXNORM,PSN,2719198,Pyquvi 22.75 MG/mL Oral Suspension,,N,4096,
2719199,ENG,,,,,,12987749,12987749,2719199,,RXNORM,SCDC,2719199,epinephrine 0.04 MG/ML,,N,4096,
2719199,ENG,,,,,,12987857,12987857,2719199,,RXNORM,TMSY,2719199,EPINEPHrine 0.04 MG/ML,,N,4096,
2719201,ENG,,,,,,12987751,12987751,2719201,,RXNORM,SBDC,2719201,epinephrine 0.04 MG/ML [Adrenalin],,N,4096,
2719201,ENG,,,,,,12987843,12987843,2719201,,RXNORM,TMSY,2719201,EPINEPHrine 0.04 MG/ML [Adrenalin],,N,4096,
2719203,ENG,,,,,,12987754,12987754,2719203,,RXNORM,SCD,2719203,250 ML epinephrine 0.04 MG/ML Injection,,N,4096,
2719203,ENG,,,,,,12987761,12987761,2719203,,RXNORM,PSN,2719203,EPINEPHrine 10 MG in 250 ML Injection,,N,4096,
2719203,ENG,,,,,,12987762,12987762,2719203,,RXNORM,SY,2719203,epinephrine 40 MCG/ML per 250 ML Injection,,N,4096,
2719203,ENG,,,,,,12987763,12987763,2719203,,RXNORM,SY,2719203,epinephrine 10 MG per 250 ML Injection,,N,4096,
2719203,ENG,,,,,,12987842,12987842,2719203,,RXNORM,TMSY,2719203,250 ML EPINEPHrine 0.04 MG/ML Injection,,N,4096,
2719203,ENG,,,,,,12987855,12987855,2719203,,RXNORM,TMSY,2719203,EPINEPHrine 10 MG per 250 ML Injection,,N,4096,
2719203,ENG,,,,,,12987856,12987856,2719203,,RXNORM,TMSY,2719203,EPINEPHrine 40 MCG/ML per 250 ML Injection,,N,4096,
2719204,ENG,,,,,,12987159,12987159,2719204,,MTHSPL,DP,42023-721,EPINEPHRINE 40 ug in 1 mL INTRAVENOUS INJECTION [Adrenalin (epinephrine in sodium chloride)],,N,4096,
2719204,ENG,,,,,,12987755,12987755,2719204,,RXNORM,SBD,2719204,250 ML epinephrine 0.04 MG/ML Injection [Adrenalin],,N,4096,
2719204,ENG,,,,,,12987759,12987759,2719204,,RXNORM,SY,2719204,Adrenalin 40 MCG/ML per 250 ML Injection,,N,4096,
2719204,ENG,,,,,,12987760,12987760,2719204,,RXNORM,SY,2719204,Adrenalin 10 MG per 250 ML Injection,,N,4096,
2719204,ENG,,,,,,12987764,12987764,2719204,,RXNORM,PSN,2719204,Adrenalin 10 MG in 250 ML Injection,,N,4096,
2719204,ENG,,,,,,12987845,12987845,2719204,,RXNORM,TMSY,2719204,250 ML EPINEPHrine 0.04 MG/ML Injection [Adrenalin],,N,4096,
2719205,ENG,,,,,,12987765,12987765,2719205,,RXNORM,SCDC,2719205,epinephrine 0.008 MG/ML,,N,4096,
2719205,ENG,,,,,,12987854,12987854,2719205,,RXNORM,TMSY,2719205,EPINEPHrine 0.008 MG/ML,,N,4096,
2719206,ENG,,,,,,12987766,12987766,2719206,,RXNORM,SCD,2719206,250 ML epinephrine 0.008 MG/ML Injection,,N,4096,
2719206,ENG,,,,,,12987776,12987776,2719206,,RXNORM,PSN,2719206,EPINEPHrine 2 MG in 250 ML Injection,,N,4096,
2719206,ENG,,,,,,12987777,12987777,2719206,,RXNORM,SY,2719206,epinephrine 8 MCG/ML per 250 ML Injection,,N,4096,
2719206,ENG,,,,,,12987778,12987778,2719206,,RXNORM,SY,2719206,epinephrine 2 MG per 250 ML Injection,,N,4096,
2719206,ENG,,,,,,12987844,12987844,2719206,,RXNORM,TMSY,2719206,EPINEPHrine 8 MCG/ML per 250 ML Injection,,N,4096,
2719206,ENG,,,,,,12987848,12987848,2719206,,RXNORM,TMSY,2719206,250 ML EPINEPHrine 0.008 MG/ML Injection,,N,4096,
2719206,ENG,,,,,,12987853,12987853,2719206,,RXNORM,TMSY,2719206,EPINEPHrine 2 MG per 250 ML Injection,,N,4096,
2719208,ENG,,,,,,12987768,12987768,2719208,,RXNORM,SBDC,2719208,epinephrine 0.008 MG/ML [Adrenalin],,N,4096,
2719208,ENG,,,,,,12987852,12987852,2719208,,RXNORM,TMSY,2719208,EPINEPHrine 0.008 MG/ML [Adrenalin],,N,4096,
2719209,ENG,,,,,,12987160,12987160,2719209,,MTHSPL,DP,42023-273,EPINEPHRINE 8 ug in 1 mL INTRAVENOUS INJECTION [Adrenalin (epinephrine in sodium chloride)],,N,4096,
2719209,ENG,,,,,,12987769,12987769,2719209,,RXNORM,SBD,2719209,250 ML epinephrine 0.008 MG/ML Injection [Adrenalin],,N,4096,
2719209,ENG,,,,,,12987773,12987773,2719209,,RXNORM,SY,2719209,Adrenalin 8 MCG/ML per 250 ML Injection,,N,4096,
2719209,ENG,,,,,,12987774,12987774,2719209,,RXNORM,SY,2719209,Adrenalin 2 MG per 250 ML Injection,,N,4096,
2719209,ENG,,,,,,12987775,12987775,2719209,,RXNORM,PSN,2719209,Adrenalin 2 MG in 250 ML Injection,,N,4096,
2719209,ENG,,,,,,12987847,12987847,2719209,,RXNORM,TMSY,2719209,250 ML EPINEPHrine 0.008 MG/ML Injection [Adrenalin],,N,4096,
2719211,ENG,,,,,,12987779,12987779,2719211,,RXNORM,SBDC,2719211,influenza A virus A/Croatia/10136RV/2023 (H3N2) antigen 0.03 MG/ML / influenza A virus A/Victoria/4897/2022 (H1N1) antigen 0.03 MG/ML / influenza B virus B/Michigan/01/2021 antigen 0.03 MG/ML [Fluzone 2025-2026],,N,4096,
2719212,ENG,,,,,,12987170,12987170,2719212,,MTHSPL,DP,49281-425,"INFLUENZA A VIRUS A/VICTORIA/4897/2022 IVR-238 (H1N1) ANTIGEN (FORMALDEHYDE INACTIVATED) 15 ug in 0.5 mL / INFLUENZA A VIRUS A/CROATIA/10136RV/2023 X-425A (H3N2) ANTIGEN (FORMALDEHYDE INACTIVATED) 15 ug in 0.5 mL / INFLUENZA B VIRUS B/MICHIGAN/01/2021 ANTIGEN (FORMALDEHYDE INACTIVATED) 15 ug in 0.5 mL INTRAMUSCULAR INJECTION, SUSPENSION [FLUZONE TRIVALENT NORTHERN HEMISPHERE]",,N,4096,
2719212,ENG,,,,,,12987780,12987780,2719212,,RXNORM,SBD,2719212,0.5 ML influenza A virus A/Croatia/10136RV/2023 (H3N2) antigen 0.03 MG/ML / influenza A virus A/Victoria/4897/2022 (H1N1) antigen 0.03 MG/ML / influenza B virus B/Michigan/01/2021 antigen 0.03 MG/ML Prefilled Syringe [Fluzone 2025-2026],,N,4096,
2719212,ENG,,,,,,12987782,12987782,2719212,,RXNORM,SY,2719212,Fluzone 2025-2026 vaccine 0.5 ML Prefilled Syringe,,N,4096,
2719212,ENG,,,,,,12987783,12987783,2719212,,RXNORM,PSN,2719212,Fluzone 2025-2026 vaccine 0.5 ML Prefilled Syringe,,N,4096,
2719214,ENG,,,,,,12987784,12987784,2719214,,RXNORM,SBDF,2719214,influenza A virus (H1N1) antigen / influenza A virus (H3N2) antigen / influenza B virus antigen Injectable Suspension [Fluzone 2025-2026],,N,4096,
2719215,ENG,,,,,,12987785,12987785,2719215,,RXNORM,SBDFP,2719215,influenza A virus A/Croatia/10136RV/2023 (H3N2) antigen / influenza A virus A/Victoria/4897/2022 (H1N1) antigen / influenza B virus B/Michigan/01/2021 antigen Injectable Suspension [Fluzone 2025-2026],,N,4096,
2719216,ENG,,,,,,12987171,12987171,2719216,,MTHSPL,DP,49281-643,"INFLUENZA A VIRUS A/VICTORIA/4897/2022 IVR-238 (H1N1) ANTIGEN (FORMALDEHYDE INACTIVATED) 15 ug in 0.5 mL / INFLUENZA A VIRUS A/CROATIA/10136RV/2023 X-425A (H3N2) ANTIGEN (FORMALDEHYDE INACTIVATED) 15 ug in 0.5 mL / INFLUENZA B VIRUS B/MICHIGAN/01/2021 ANTIGEN (FORMALDEHYDE INACTIVATED) 15 ug in 0.5 mL INTRAMUSCULAR INJECTION, SUSPENSION [FLUZONE TRIVALENT NORTHERN HEMISPHERE]",,N,4096,
2719216,ENG,,,,,,12987786,12987786,2719216,,RXNORM,SBD,2719216,influenza A virus A/Croatia/10136RV/2023 (H3N2) antigen 0.03 MG/ML / influenza A virus A/Victoria/4897/2022 (H1N1) antigen 0.03 MG/ML / influenza B virus B/Michigan/01/2021 antigen 0.03 MG/ML Injectable Suspension [Fluzone 2025-2026],,N,4096,
2719216,ENG,,,,,,12987787,12987787,2719216,,RXNORM,SY,2719216,Fluzone 2025-2026 trivalent vaccine Injectable Suspension,,N,4096,
2719216,ENG,,,,,,12987788,12987788,2719216,,RXNORM,PSN,2719216,Fluzone 2025-2026 trivalent vaccine Injectable Suspension,,N,4096,
2719242,ENG,,,,,,12987830,12987830,2719242,,RXNORM,SCDC,2719242,Lactobacillus acidophilus 1.2 MG,,N,4096,
2719243,ENG,,,,,,12987831,12987831,2719243,,RXNORM,SCDC,2719243,Lactobacillus delbrueckii subsp. bulgaricus 4 MG,,N,4096,
2719244,ENG,,,,,,12987172,12987172,2719244,,MTHSPL,DP,64980-129,LACTOBACILLUS ACIDOPHILUS 1.2 mg / LACTOBACILLUS DELBRUECKII BULGARICUS 4 mg ORAL TABLET [Floranex],,N,4096,
2719244,ENG,,,,,,12987832,12987832,2719244,,RXNORM,SCD,2719244,Lactobacillus acidophilus 1.2 MG / Lactobacillus delbrueckii subsp. bulgaricus 4 MG Oral Tablet,,N,4096,
2719244,ENG,,,,,,12987833,12987833,2719244,,RXNORM,SY,2719244,Lactobacillus acidophilus 1.2 MG / Lactobacillus bulgaricus 4 MG Oral Tablet,,N,4096,
2719244,ENG,,,,,,12987834,12987834,2719244,,RXNORM,PSN,2719244,Lactobacillus acidophilus 1.2 MG / Lactobacillus bulgaricus 4 MG Oral Tablet,,N,4096,
