RXCUI1,RXAUI1,STYPE1,REL,RXCUI2,RXAUI2,STYPE2,RELA,RUI,SRUI,SAB,SL,RG,DIR,SUPPRESS,CVF
2600272,AUI,RO,,12984983,AUI,has_inactive_ingredient,164820835,,MTHSPL,,,,,4096,
2600452,AUI,RO,,12984983,AUI,has_inactive_ingredient,164820806,,MTHSPL,,,,,4096,
2600730,AUI,RO,,12984983,AUI,has_inactive_ingredient,164820037,,MTHSPL,,,,,4096,
2978584,AUI,RO,,12984981,AUI,has_inactive_ingredient,164820833,,MTHSPL,,,,,4096,
2978584,AUI,RO,,12984982,AUI,has_inactive_ingredient,164820786,,MTHSPL,,,,,4096,
2978605,AUI,RO,,12984981,AUI,has_inactive_ingredient,164820261,,MTHSPL,,,,,4096,
2978605,AUI,RO,,12984982,AUI,has_inactive_ingredient,164820903,,MTHSPL,,,,,4096,
2978605,AUI,RO,,12984984,AUI,has_inactive_ingredient,164820707,,MTHSPL,,,,,4096,
2978605,AUI,RO,,12984985,AUI,has_inactive_ingredient,164820554,,MTHSPL,,,,,4096,
2978605,AUI,RO,,12985884,AUI,has_inactive_ingredient,164825172,,MTHSPL,,,,,4096,
2978624,AUI,RO,,12984981,AUI,has_inactive_ingredient,164820173,,MTHSPL,,,,,4096,
2978624,AUI,RO,,12984982,AUI,has_inactive_ingredient,164820243,,MTHSPL,,,,,4096,
2978624,AUI,RO,,12984984,AUI,has_inactive_ingredient,164820901,,MTHSPL,,,,,4096,
2978624,AUI,RO,,12984985,AUI,has_inactive_ingredient,164820900,,MTHSPL,,,,,4096,
2978624,AUI,RO,,12985884,AUI,has_inactive_ingredient,164825130,,MTHSPL,,,,,4096,
2978624,AUI,RO,,12987159,AUI,has_inactive_ingredient,164830971,,MTHSPL,,,,,4096,
2978624,AUI,RO,,12987160,AUI,has_inactive_ingredient,164831238,,MTHSPL,,,,,4096,
2981242,AUI,RO,,12984984,AUI,has_inactive_ingredient,164819979,,MTHSPL,,,,,4096,
2981242,AUI,RO,,12984985,AUI,has_inactive_ingredient,164820971,,MTHSPL,,,,,4096,
2994597,AUI,RO,,12984981,AUI,has_inactive_ingredient,164819701,,MTHSPL,,,,,4096,
2994597,AUI,RO,,12984982,AUI,has_inactive_ingredient,164820673,,MTHSPL,,,,,4096,
2994597,AUI,RO,,12984984,AUI,has_inactive_ingredient,164819843,,MTHSPL,,,,,4096,
2994597,AUI,RO,,12984985,AUI,has_inactive_ingredient,164820452,,MTHSPL,,,,,4096,
2994597,AUI,RO,,12985882,AUI,has_inactive_ingredient,164824930,,MTHSPL,,,,,4096,
2994597,AUI,RO,,12985884,AUI,has_inactive_ingredient,164824893,,MTHSPL,,,,,4096,
2994597,AUI,RO,,12985888,AUI,has_inactive_ingredient,164825193,,MTHSPL,,,,,4096,
2994597,AUI,RO,,12986983,AUI,has_inactive_ingredient,164828611,,MTHSPL,,,,,4096,
2994597,AUI,RO,,12987152,AUI,has_inactive_ingredient,164831167,,MTHSPL,,,,,4096,
2994597,AUI,RO,,12987170,AUI,has_inactive_ingredient,164830762,,MTHSPL,,,,,4096,
2994597,AUI,RO,,12987171,AUI,has_inactive_ingredient,164830405,,MTHSPL,,,,,4096,
2994883,AUI,RO,,12987152,AUI,has_inactive_ingredient,164830483,,MTHSPL,,,,,4096,
3031062,AUI,RO,,12985888,AUI,has_active_ingredient,164823899,,MTHSPL,,,,,4096,
3031062,AUI,RO,,12985888,AUI,has_active_moiety,164825367,,MTHSPL,,,,,4096,
3051140,AUI,RO,,12987152,AUI,has_inactive_ingredient,164830526,,MTHSPL,,,,,4096,
3059051,AUI,RO,,12985882,AUI,has_inactive_ingredient,164825131,,MTHSPL,,,,,4096,
3059051,AUI,RO,,12987170,AUI,has_inactive_ingredient,164830818,,MTHSPL,,,,,4096,
3059051,AUI,RO,,12987171,AUI,has_inactive_ingredient,164831115,,MTHSPL,,,,,4096,
3086377,AUI,RO,,12987159,AUI,has_active_ingredient,164829407,,MTHSPL,,,,,4096,
3086377,AUI,RO,,12987159,AUI,has_active_moiety,164831546,,MTHSPL,,,,,4096,
3086377,AUI,RO,,12987160,AUI,has_active_ingredient,164829360,,MTHSPL,,,,,4096,
3086377,AUI,RO,,12987160,AUI,has_active_moiety,164831515,,MTHSPL,,,,,4096,
3263423,AUI,RO,,12985888,AUI,has_inactive_ingredient,164825055,,MTHSPL,,,,,4096,
3265414,AUI,RO,,12985888,AUI,has_active_ingredient,164823941,,MTHSPL,,,,,4096,
3265414,AUI,RO,,12985888,AUI,has_active_moiety,164825410,,MTHSPL,,,,,4096,
3278659,AUI,RO,,12986983,AUI,has_active_ingredient,164826880,,MTHSPL,,,,,4096,
3278659,AUI,RO,,12986983,AUI,has_active_moiety,164829152,,MTHSPL,,,,,4096,
3280213,AUI,RO,,12985049,AUI,has_inactive_ingredient,164820719,,MTHSPL,,,,,4096,
3284139,AUI,RO,,12987172,AUI,has_inactive_ingredient,164831051,,MTHSPL,,,,,4096,
3308425,AUI,RO,,12987152,AUI,has_inactive_ingredient,164831108,,MTHSPL,,,,,4096,
3311306,AUI,RO,,12986983,AUI,has_inactive_ingredient,164828647,,MTHSPL,,,,,4096,
3311433,AUI,RO,,12987172,AUI,has_inactive_ingredient,164830967,,MTHSPL,,,,,4096,
3504154,AUI,RO,,12984983,AUI,has_inactive_ingredient,164819846,,MTHSPL,,,,,4096,
3507144,AUI,RO,,12985049,AUI,has_inactive_ingredient,164820558,,MTHSPL,,,,,4096,
3507354,AUI,RO,,12985888,AUI,has_inactive_ingredient,164825110,,MTHSPL,,,,,4096,
3517422,AUI,RO,,12985049,AUI,has_inactive_ingredient,164820720,,MTHSPL,,,,,4096,
3533855,AUI,RO,,12987172,AUI,has_inactive_ingredient,164830736,,MTHSPL,,,,,4096,
3550579,AUI,RO,,12985884,AUI,has_inactive_ingredient,164825035,,MTHSPL,,,,,4096,
3550579,AUI,RO,,12987152,AUI,has_inactive_ingredient,164830754,,MTHSPL,,,,,4096,
3621376,AUI,RO,,12984981,AUI,has_inactive_ingredient,164820959,,MTHSPL,,,,,4096,
3621376,AUI,RO,,12984982,AUI,has_inactive_ingredient,164819934,,MTHSPL,,,,,4096,
3621376,AUI,RO,,12984984,AUI,has_inactive_ingredient,164821001,,MTHSPL,,,,,4096,
3621376,AUI,RO,,12984985,AUI,has_inactive_ingredient,164820851,,MTHSPL,,,,,4096,
3621550,AUI,RO,,12986983,AUI,has_inactive_ingredient,164828736,,MTHSPL,,,,,4096,
3627779,AUI,RO,,12984983,AUI,has_inactive_ingredient,164819708,,MTHSPL,,,,,4096,
3632633,AUI,RO,,12987172,AUI,has_inactive_ingredient,164831210,,MTHSPL,,,,,4096,
3632664,AUI,RO,,12985884,AUI,has_inactive_ingredient,164825173,,MTHSPL,,,,,4096,
3633133,AUI,RO,,12984983,AUI,has_inactive_ingredient,164819722,,MTHSPL,,,,,4096,
3716430,AUI,RO,,12985049,AUI,has_inactive_ingredient,164820532,,MTHSPL,,,,,4096,
3722204,AUI,RO,,12985884,AUI,has_inactive_ingredient,164825026,,MTHSPL,,,,,4096,
4231182,AUI,RO,,12985888,AUI,has_inactive_ingredient,164825113,,MTHSPL,,,,,4096,
4231765,AUI,RO,,12985049,AUI,has_inactive_ingredient,164820598,,MTHSPL,,,,,4096,
4232700,AUI,RO,,12987159,AUI,has_inactive_ingredient,164830490,,MTHSPL,,,,,4096,
4232700,AUI,RO,,12987160,AUI,has_inactive_ingredient,164830972,,MTHSPL,,,,,4096,
4233224,AUI,RO,,12985049,AUI,has_inactive_ingredient,164820041,,MTHSPL,,,,,4096,
4233225,AUI,RO,,12985049,AUI,has_inactive_ingredient,164820410,,MTHSPL,,,,,4096,
4233410,AUI,RO,,12985049,AUI,has_inactive_ingredient,164820215,,MTHSPL,,,,,4096,
4234039,AUI,RO,,12987172,AUI,has_inactive_ingredient,164830899,,MTHSPL,,,,,4096,
4234292,AUI,RO,,12985049,AUI,has_inactive_ingredient,164820495,,MTHSPL,,,,,4096,
4234292,AUI,RO,,12987172,AUI,has_inactive_ingredient,164830989,,MTHSPL,,,,,4096,
4234311,AUI,RO,,12985049,AUI,has_inactive_ingredient,164820443,,MTHSPL,,,,,4096,
4236496,AUI,RO,,12984984,AUI,has_inactive_ingredient,164819737,,MTHSPL,,,,,4096,
4236496,AUI,RO,,12984985,AUI,has_inactive_ingredient,164819809,,MTHSPL,,,,,4096,
4236496,AUI,RO,,12985882,AUI,has_inactive_ingredient,164825235,,MTHSPL,,,,,4096,
4236496,AUI,RO,,12987170,AUI,has_inactive_ingredient,164831237,,MTHSPL,,,,,4096,
4236496,AUI,RO,,12987171,AUI,has_inactive_ingredient,164830542,,MTHSPL,,,,,4096,
4236497,AUI,RO,,12984981,AUI,has_inactive_ingredient,164819899,,MTHSPL,,,,,4096,
4236497,AUI,RO,,12984982,AUI,has_inactive_ingredient,164820260,,MTHSPL,,,,,4096,
4236500,AUI,RO,,12984984,AUI,has_inactive_ingredient,164820309,,MTHSPL,,,,,4096,
4236500,AUI,RO,,12984985,AUI,has_inactive_ingredient,164819829,,MTHSPL,,,,,4096,
4236906,AUI,RO,,12987159,AUI,has_inactive_ingredient,164831175,,MTHSPL,,,,,4096,
4236906,AUI,RO,,12987160,AUI,has_inactive_ingredient,164830820,,MTHSPL,,,,,4096,
4236931,AUI,RO,,12984981,AUI,has_inactive_ingredient,164820730,,MTHSPL,,,,,4096,
4236931,AUI,RO,,12984984,AUI,has_inactive_ingredient,164820964,,MTHSPL,,,,,4096,
4236931,AUI,RO,,12984985,AUI,has_inactive_ingredient,164820149,,MTHSPL,,,,,4096,
4236931,AUI,RO,,12987171,AUI,has_inactive_ingredient,164831213,,MTHSPL,,,,,4096,
4237650,AUI,RO,,12987172,AUI,has_inactive_ingredient,164831331,,MTHSPL,,,,,4096,
4238781,AUI,RO,,12984983,AUI,has_inactive_ingredient,164820127,,MTHSPL,,,,,4096,
4239181,AUI,RO,,12984983,AUI,has_inactive_ingredient,164820062,,MTHSPL,,,,,4096,
4239432,AUI,RO,,12984983,AUI,has_inactive_ingredient,164819894,,MTHSPL,,,,,4096,
4253607,AUI,RO,,12985882,AUI,has_inactive_ingredient,164825140,,MTHSPL,,,,,4096,
4253607,AUI,RO,,12987170,AUI,has_inactive_ingredient,164831035,,MTHSPL,,,,,4096,
4253607,AUI,RO,,12987171,AUI,has_inactive_ingredient,164830383,,MTHSPL,,,,,4096,
4607084,AUI,RO,,12986983,AUI,has_inactive_ingredient,164828383,,MTHSPL,,,,,4096,
4622904,AUI,RO,,12987172,AUI,has_active_ingredient,164829363,,MTHSPL,,,,,4096,
4622904,AUI,RO,,12987172,AUI,has_active_moiety,164831512,,MTHSPL,,,,,4096,
5038351,AUI,RO,,12984983,AUI,has_inactive_ingredient,164820201,,MTHSPL,,,,,4096,
5049492,AUI,RO,,12985888,AUI,has_inactive_ingredient,164824876,,MTHSPL,,,,,4096,
5080263,AUI,RO,,12985882,AUI,has_inactive_ingredient,164824739,,MTHSPL,,,,,4096,
5080263,AUI,RO,,12987170,AUI,has_inactive_ingredient,164831214,,MTHSPL,,,,,4096,
5080263,AUI,RO,,12987171,AUI,has_inactive_ingredient,164831274,,MTHSPL,,,,,4096,
6799157,AUI,RO,,12987152,AUI,has_active_ingredient,164829317,,MTHSPL,,,,,4096,
6799157,AUI,RO,,12987152,AUI,has_active_moiety,164831461,,MTHSPL,,,,,4096,
8210547,AUI,RO,,12985049,AUI,has_inactive_ingredient,164820995,,MTHSPL,,,,,4096,
8232035,AUI,RO,,12985049,AUI,has_inactive_ingredient,164819720,,MTHSPL,,,,,4096,
8245547,AUI,RO,,12985049,AUI,has_inactive_ingredient,164819741,,MTHSPL,,,,,4096,
9708640,AUI,RO,,12985888,AUI,has_inactive_ingredient,164824943,,MTHSPL,,,,,4096,
10337591,AUI,RO,,12985049,AUI,has_inactive_ingredient,164819858,,MTHSPL,,,,,4096,
10784397,AUI,RO,,12987152,AUI,has_inactive_ingredient,164830655,,MTHSPL,,,,,4096,
12402967,AUI,RO,,12985884,AUI,has_inactive_ingredient,164824641,,MTHSPL,,,,,4096,
12408209,AUI,RO,,12987152,AUI,has_inactive_ingredient,164830887,,MTHSPL,,,,,4096,
12436612,AUI,RO,,12987152,AUI,has_inactive_ingredient,164830449,,MTHSPL,,,,,4096,
12440246,AUI,RO,,12987172,AUI,has_active_ingredient,164829397,,MTHSPL,,,,,4096,
12440246,AUI,RO,,12987172,AUI,has_active_moiety,164831540,,MTHSPL,,,,,4096,
12729192,AUI,RO,,12985882,AUI,has_active_ingredient,164823901,,MTHSPL,,,,,4096,
12729192,AUI,RO,,12987170,AUI,has_active_ingredient,164829380,,MTHSPL,,,,,4096,
12729192,AUI,RO,,12987171,AUI,has_active_ingredient,164829329,,MTHSPL,,,,,4096,
12729193,AUI,RO,,12985882,AUI,has_active_moiety,164825394,,MTHSPL,,,,,4096,
12729193,AUI,RO,,12987170,AUI,has_active_moiety,164831453,,MTHSPL,,,,,4096,
12729193,AUI,RO,,12987171,AUI,has_active_moiety,164831492,,MTHSPL,,,,,4096,
12748769,AUI,RO,,12984983,AUI,has_active_ingredient,164818299,,MTHSPL,,,,,4096,
12748770,AUI,RO,,12984983,AUI,has_active_moiety,164821358,,MTHSPL,,,,,4096,
12749898,AUI,RO,,12984984,AUI,has_active_ingredient,164818247,,MTHSPL,,,,,4096,
12749898,AUI,RO,,12984985,AUI,has_active_ingredient,164818334,,MTHSPL,,,,,4096,
12749900,AUI,RO,,12984984,AUI,has_active_moiety,164821354,,MTHSPL,,,,,4096,
12749900,AUI,RO,,12984985,AUI,has_active_moiety,164821267,,MTHSPL,,,,,4096,
12750250,AUI,RO,,12984981,AUI,has_active_ingredient,164818183,,MTHSPL,,,,,4096,
12750250,AUI,RO,,12984982,AUI,has_active_ingredient,164818192,,MTHSPL,,,,,4096,
12750251,AUI,RO,,12984981,AUI,has_active_moiety,164821240,,MTHSPL,,,,,4096,
12750251,AUI,RO,,12984982,AUI,has_active_moiety,164821239,,MTHSPL,,,,,4096,
12797716,AUI,RO,,12984983,AUI,has_inactive_ingredient,164819975,,MTHSPL,,,,,4096,
12797717,AUI,RO,,12984983,AUI,has_inactive_ingredient,164820406,,MTHSPL,,,,,4096,
12819654,AUI,RO,,12984983,AUI,has_active_ingredient,164818304,,MTHSPL,,,,,4096,
12819654,AUI,RO,,12985882,AUI,has_active_ingredient,164823911,,MTHSPL,,,,,4096,
12819654,AUI,RO,,12987170,AUI,has_active_ingredient,164829406,,MTHSPL,,,,,4096,
12819654,AUI,RO,,12987171,AUI,has_active_ingredient,164829365,,MTHSPL,,,,,4096,
12819658,AUI,RO,,12984983,AUI,has_active_moiety,164821270,,MTHSPL,,,,,4096,
12819658,AUI,RO,,12985882,AUI,has_active_moiety,164825370,,MTHSPL,,,,,4096,
12819658,AUI,RO,,12987170,AUI,has_active_moiety,164831517,,MTHSPL,,,,,4096,
12819658,AUI,RO,,12987171,AUI,has_active_moiety,164831543,,MTHSPL,,,,,4096,
12820345,AUI,RO,,12984984,AUI,has_active_ingredient,164818266,,MTHSPL,,,,,4096,
12820345,AUI,RO,,12984985,AUI,has_active_ingredient,164818305,,MTHSPL,,,,,4096,
12820348,AUI,RO,,12984984,AUI,has_active_moiety,164821355,,MTHSPL,,,,,4096,
12820348,AUI,RO,,12984985,AUI,has_active_moiety,164821327,,MTHSPL,,,,,4096,
12820524,AUI,RO,,12984981,AUI,has_active_ingredient,164818288,,MTHSPL,,,,,4096,
12820524,AUI,RO,,12984982,AUI,has_active_ingredient,164818271,,MTHSPL,,,,,4096,
12820527,AUI,RO,,12984981,AUI,has_active_moiety,164821250,,MTHSPL,,,,,4096,
12820527,AUI,RO,,12984982,AUI,has_active_moiety,164821343,,MTHSPL,,,,,4096,
12883879,AUI,RO,,12985049,AUI,has_inactive_ingredient,164820557,,MTHSPL,,,,,4096,
12921968,AUI,RO,,12986983,AUI,has_inactive_ingredient,164828056,,MTHSPL,,,,,4096,
12922131,AUI,RO,,12987172,AUI,has_inactive_ingredient,164831029,,MTHSPL,,,,,4096,
12955925,AUI,RO,,12984983,AUI,has_active_ingredient,164818308,,MTHSPL,,,,,4096,
12955925,AUI,RO,,12985882,AUI,has_active_ingredient,164823952,,MTHSPL,,,,,4096,
12955925,AUI,RO,,12987170,AUI,has_active_ingredient,164829310,,MTHSPL,,,,,4096,
12955925,AUI,RO,,12987171,AUI,has_active_ingredient,164829349,,MTHSPL,,,,,4096,
12955926,AUI,RO,,12984983,AUI,has_active_moiety,164821246,,MTHSPL,,,,,4096,
12955926,AUI,RO,,12985882,AUI,has_active_moiety,164825449,,MTHSPL,,,,,4096,
12955926,AUI,RO,,12987170,AUI,has_active_moiety,164831513,,MTHSPL,,,,,4096,
12955926,AUI,RO,,12987171,AUI,has_active_moiety,164831504,,MTHSPL,,,,,4096,
12984979,AUI,RO,,12984984,AUI,has_active_ingredient,164818291,,MTHSPL,,,,,4096,
12984979,AUI,RO,,12984985,AUI,has_active_ingredient,164818309,,MTHSPL,,,,,4096,
12984980,AUI,RO,,12984984,AUI,has_active_moiety,164821374,,MTHSPL,,,,,4096,
12984980,AUI,RO,,12984985,AUI,has_active_moiety,164821260,,MTHSPL,,,,,4096,
12984981,AUI,RO,,2978584,AUI,inactive_ingredient_of,164819499,,MTHSPL,,,,,4096,
12984981,AUI,RO,,2978605,AUI,inactive_ingredient_of,164818927,,MTHSPL,,,,,4096,
12984981,AUI,RO,,2978624,AUI,inactive_ingredient_of,164818839,,MTHSPL,,,,,4096,
12984981,AUI,RO,,2994597,AUI,inactive_ingredient_of,164818367,,MTHSPL,,,,,4096,
12984981,AUI,RO,,3621376,AUI,inactive_ingredient_of,164819625,,MTHSPL,,,,,4096,
12984981,AUI,RO,,4236497,AUI,inactive_ingredient_of,164818565,,MTHSPL,,,,,4096,
12984981,AUI,RO,,4236931,AUI,inactive_ingredient_of,164819396,,MTHSPL,,,,,4096,
12984981,AUI,RO,,12750250,AUI,active_ingredient_of,164817998,,MTHSPL,,,,,4096,
12984981,AUI,RO,,12750251,AUI,active_moiety_of,164821046,,MTHSPL,,,,,4096,
12984981,AUI,RO,,12820524,AUI,active_ingredient_of,164818088,,MTHSPL,,,,,4096,
12984981,AUI,RO,,12820527,AUI,active_moiety_of,164821056,,MTHSPL,,,,,4096,
12984981,AUI,RO,,12984986,AUI,active_ingredient_of,164818108,,MTHSPL,,,,,4096,
12984981,AUI,RO,,12984987,AUI,active_moiety_of,164821121,,MTHSPL,,,,,4096,
12984982,AUI,RO,,2978584,AUI,inactive_ingredient_of,164819452,,MTHSPL,,,,,4096,
12984982,AUI,RO,,2978605,AUI,inactive_ingredient_of,164819569,,MTHSPL,,,,,4096,
12984982,AUI,RO,,2978624,AUI,inactive_ingredient_of,164818909,,MTHSPL,,,,,4096,
12984982,AUI,RO,,2994597,AUI,inactive_ingredient_of,164819339,,MTHSPL,,,,,4096,
12984982,AUI,RO,,3621376,AUI,inactive_ingredient_of,164818600,,MTHSPL,,,,,4096,
12984982,AUI,RO,,4236497,AUI,inactive_ingredient_of,164818926,,MTHSPL,,,,,4096,
12984982,AUI,RO,,12750250,AUI,active_ingredient_of,164817997,,MTHSPL,,,,,4096,
12984982,AUI,RO,,12750251,AUI,active_moiety_of,164821045,,MTHSPL,,,,,4096,
12984982,AUI,RO,,12820524,AUI,active_ingredient_of,164818086,,MTHSPL,,,,,4096,
12984982,AUI,RO,,12820527,AUI,active_moiety_of,164821149,,MTHSPL,,,,,4096,
12984982,AUI,RO,,12984986,AUI,active_ingredient_of,164818087,,MTHSPL,,,,,4096,
12984982,AUI,RO,,12984987,AUI,active_moiety_of,164821192,,MTHSPL,,,,,4096,
12984983,AUI,RO,,2600272,AUI,inactive_ingredient_of,164819501,,MTHSPL,,,,,4096,
12984983,AUI,RO,,2600452,AUI,inactive_ingredient_of,164819472,,MTHSPL,,,,,4096,
12984983,AUI,RO,,2600730,AUI,inactive_ingredient_of,164818703,,MTHSPL,,,,,4096,
12984983,AUI,RO,,3504154,AUI,inactive_ingredient_of,164818512,,MTHSPL,,,,,4096,
12984983,AUI,RO,,3627779,AUI,inactive_ingredient_of,164818374,,MTHSPL,,,,,4096,
12984983,AUI,RO,,3633133,AUI,inactive_ingredient_of,164818388,,MTHSPL,,,,,4096,
12984983,AUI,RO,,4238781,AUI,inactive_ingredient_of,164818793,,MTHSPL,,,,,4096,
12984983,AUI,RO,,4239181,AUI,inactive_ingredient_of,164818728,,MTHSPL,,,,,4096,
12984983,AUI,RO,,4239432,AUI,inactive_ingredient_of,164818560,,MTHSPL,,,,,4096,
12984983,AUI,RO,,5038351,AUI,inactive_ingredient_of,164818867,,MTHSPL,,,,,4096,
12984983,AUI,RO,,12748769,AUI,active_ingredient_of,164818111,,MTHSPL,,,,,4096,
12984983,AUI,RO,,12748770,AUI,active_moiety_of,164821164,,MTHSPL,,,,,4096,
12984983,AUI,RO,,12797716,AUI,inactive_ingredient_of,164818641,,MTHSPL,,,,,4096,
12984983,AUI,RO,,12797717,AUI,inactive_ingredient_of,164819072,,MTHSPL,,,,,4096,
12984983,AUI,RO,,12819654,AUI,active_ingredient_of,164818112,,MTHSPL,,,,,4096,
12984983,AUI,RO,,12819658,AUI,active_moiety_of,164821076,,MTHSPL,,,,,4096,
12984983,AUI,RO,,12955925,AUI,active_ingredient_of,164818140,,MTHSPL,,,,,4096,
12984983,AUI,RO,,12955926,AUI,active_moiety_of,164821052,,MTHSPL,,,,,4096,
12984984,AUI,RO,,2978605,AUI,inactive_ingredient_of,164819373,,MTHSPL,,,,,4096,
12984984,AUI,RO,,2978624,AUI,inactive_ingredient_of,164819567,,MTHSPL,,,,,4096,
12984984,AUI,RO,,2981242,AUI,inactive_ingredient_of,164818645,,MTHSPL,,,,,4096,
12984984,AUI,RO,,2994597,AUI,inactive_ingredient_of,164818509,,MTHSPL,,,,,4096,
12984984,AUI,RO,,3621376,AUI,inactive_ingredient_of,164819667,,MTHSPL,,,,,4096,
12984984,AUI,RO,,4236496,AUI,inactive_ingredient_of,164818403,,MTHSPL,,,,,4096,
12984984,AUI,RO,,4236500,AUI,inactive_ingredient_of,164818975,,MTHSPL,,,,,4096,
12984984,AUI,RO,,4236931,AUI,inactive_ingredient_of,164819630,,MTHSPL,,,,,4096,
12984984,AUI,RO,,12749898,AUI,active_ingredient_of,164818070,,MTHSPL,,,,,4096,
12984984,AUI,RO,,12749900,AUI,active_moiety_of,164821160,,MTHSPL,,,,,4096,
12984984,AUI,RO,,12820345,AUI,active_ingredient_of,164818071,,MTHSPL,,,,,4096,
12984984,AUI,RO,,12820348,AUI,active_moiety_of,164821161,,MTHSPL,,,,,4096,
12984984,AUI,RO,,12984979,AUI,active_ingredient_of,164818110,,MTHSPL,,,,,4096,
12984984,AUI,RO,,12984980,AUI,active_moiety_of,164821180,,MTHSPL,,,,,4096,
12984985,AUI,RO,,2978605,AUI,inactive_ingredient_of,164819220,,MTHSPL,,,,,4096,
12984985,AUI,RO,,2978624,AUI,inactive_ingredient_of,164819566,,MTHSPL,,,,,4096,
12984985,AUI,RO,,2981242,AUI,inactive_ingredient_of,164819637,,MTHSPL,,,,,4096,
12984985,AUI,RO,,2994597,AUI,inactive_ingredient_of,164819118,,MTHSPL,,,,,4096,
12984985,AUI,RO,,3621376,AUI,inactive_ingredient_of,164819517,,MTHSPL,,,,,4096,
12984985,AUI,RO,,4236496,AUI,inactive_ingredient_of,164818475,,MTHSPL,,,,,4096,
12984985,AUI,RO,,4236500,AUI,inactive_ingredient_of,164818495,,MTHSPL,,,,,4096,
12984985,AUI,RO,,4236931,AUI,inactive_ingredient_of,164818815,,MTHSPL,,,,,4096,
12984985,AUI,RO,,12749898,AUI,active_ingredient_of,164818134,,MTHSPL,,,,,4096,
12984985,AUI,RO,,12749900,AUI,active_moiety_of,164821073,,MTHSPL,,,,,4096,
12984985,AUI,RO,,12820345,AUI,active_ingredient_of,164818109,,MTHSPL,,,,,4096,
12984985,AUI,RO,,12820348,AUI,active_moiety_of,164821133,,MTHSPL,,,,,4096,
12984985,AUI,RO,,12984979,AUI,active_ingredient_of,164818133,,MTHSPL,,,,,4096,
12984985,AUI,RO,,12984980,AUI,active_moiety_of,164821066,,MTHSPL,,,,,4096,
12984986,AUI,RO,,12984981,AUI,has_active_ingredient,164818297,,MTHSPL,,,,,4096,
12984986,AUI,RO,,12984982,AUI,has_active_ingredient,164818287,,MTHSPL,,,,,4096,
12984987,AUI,RO,,12984981,AUI,has_active_moiety,164821315,,MTHSPL,,,,,4096,
12984987,AUI,RO,,12984982,AUI,has_active_moiety,164821386,,MTHSPL,,,,,4096,
12985048,AUI,RO,,12985049,AUI,has_active_ingredient,164818284,,MTHSPL,,,,,4096,
12985048,AUI,RO,,12985049,AUI,has_active_moiety,164821326,,MTHSPL,,,,,4096,
12985049,AUI,RO,,3280213,AUI,inactive_ingredient_of,164819385,,MTHSPL,,,,,4096,
12985049,AUI,RO,,3507144,AUI,inactive_ingredient_of,164819224,,MTHSPL,,,,,4096,
12985049,AUI,RO,,3517422,AUI,inactive_ingredient_of,164819386,,MTHSPL,,,,,4096,
12985049,AUI,RO,,3716430,AUI,inactive_ingredient_of,164819198,,MTHSPL,,,,,4096,
12985049,AUI,RO,,4231765,AUI,inactive_ingredient_of,164819264,,MTHSPL,,,,,4096,
12985049,AUI,RO,,4233224,AUI,inactive_ingredient_of,164818707,,MTHSPL,,,,,4096,
12985049,AUI,RO,,4233225,AUI,inactive_ingredient_of,164819076,,MTHSPL,,,,,4096,
12985049,AUI,RO,,4233410,AUI,inactive_ingredient_of,164818881,,MTHSPL,,,,,4096,
12985049,AUI,RO,,4234292,AUI,inactive_ingredient_of,164819161,,MTHSPL,,,,,4096,
12985049,AUI,RO,,4234311,AUI,inactive_ingredient_of,164819109,,MTHSPL,,,,,4096,
12985049,AUI,RO,,8210547,AUI,inactive_ingredient_of,164819661,,MTHSPL,,,,,4096,
12985049,AUI,RO,,8232035,AUI,inactive_ingredient_of,164818386,,MTHSPL,,,,,4096,
12985049,AUI,RO,,8245547,AUI,inactive_ingredient_of,164818407,,MTHSPL,,,,,4096,
12985049,AUI,RO,,10337591,AUI,inactive_ingredient_of,164818524,,MTHSPL,,,,,4096,
12985049,AUI,RO,,12883879,AUI,inactive_ingredient_of,164819223,,MTHSPL,,,,,4096,
12985049,AUI,RO,,12985048,AUI,active_ingredient_of,164818083,,MTHSPL,,,,,4096,
12985049,AUI,RO,,12985048,AUI,active_moiety_of,164821132,,MTHSPL,,,,,4096,
12985080,AUI,SY,,12985079,AUI,,,,RXNORM,,,,,4096,
12985081,AUI,SY,,12985079,AUI,,,,RXNORM,,,,,4096,
12985082,AUI,SY,,12985073,AUI,,,,RXNORM,,,,,4096,
12985772,AUI,SY,,12985771,AUI,,,,RXNORM,,,,,4096,
12985773,AUI,SY,,12985765,AUI,,,,RXNORM,,,,,4096,
12985774,AUI,SY,,12985765,AUI,,,,RXNORM,,,,,4096,
12985775,AUI,SY,,12985771,AUI,,,,RXNORM,,,,,4096,
12985783,AUI,SY,,12985781,AUI,,,,RXNORM,,,,,4096,
12985784,AUI,SY,,12985777,AUI,,,,RXNORM,,,,,4096,
12985785,AUI,SY,,12985777,AUI,,,,RXNORM,,,,,4096,
12985790,AUI,SY,,12985781,AUI,,,,RXNORM,,,,,4096,
12985802,AUI,SY,,12985800,AUI,,,,RXNORM,,,,,4096,
12985803,AUI,SY,,12985793,AUI,,,,RXNORM,,,,,4096,
12985804,AUI,SY,,12985793,AUI,,,,RXNORM,,,,,4096,
12985808,AUI,SY,,12985800,AUI,,,,RXNORM,,,,,4096,
12985817,AUI,SY,,12985815,AUI,,,,RXNORM,,,,,4096,
12985820,AUI,SY,,12985815,AUI,,,,RXNORM,,,,,4096,
12985826,AUI,SY,,12985825,AUI,,,,RXNORM,,,,,4096,
12985827,AUI,SY,,12985822,AUI,,,,RXNORM,,,,,4096,
12985828,AUI,SY,,12985822,AUI,,,,RXNORM,,,,,4096,
12985829,AUI,SY,,12985825,AUI,,,,RXNORM,,,,,4096,
12985880,AUI,RO,,12985884,AUI,has_active_ingredient,164823955,,MTHSPL,,,,,4096,
12985881,AUI,RO,,12985884,AUI,has_active_moiety,164825381,,MTHSPL,,,,,4096,
12985882,AUI,RO,,2994597,AUI,inactive_ingredient_of,164824303,,MTHSPL,,,,,4096,
12985882,AUI,RO,,3059051,AUI,inactive_ingredient_of,164824504,,MTHSPL,,,,,4096,
12985882,AUI,RO,,4236496,AUI,inactive_ingredient_of,164824608,,MTHSPL,,,,,4096,
12985882,AUI,RO,,4253607,AUI,inactive_ingredient_of,164824513,,MTHSPL,,,,,4096,
12985882,AUI,RO,,5080263,AUI,inactive_ingredient_of,164824112,,MTHSPL,,,,,4096,
12985882,AUI,RO,,12729192,AUI,active_ingredient_of,164823791,,MTHSPL,,,,,4096,
12985882,AUI,RO,,12729193,AUI,active_moiety_of,164825291,,MTHSPL,,,,,4096,
12985882,AUI,RO,,12819654,AUI,active_ingredient_of,164823801,,MTHSPL,,,,,4096,
12985882,AUI,RO,,12819658,AUI,active_moiety_of,164825267,,MTHSPL,,,,,4096,
12985882,AUI,RO,,12955925,AUI,active_ingredient_of,164823834,,MTHSPL,,,,,4096,
12985882,AUI,RO,,12955926,AUI,active_moiety_of,164825346,,MTHSPL,,,,,4096,
12985883,AUI,RO,,12985884,AUI,has_active_ingredient,164823944,,MTHSPL,,,,,4096,
12985884,AUI,RO,,2978605,AUI,inactive_ingredient_of,164824545,,MTHSPL,,,,,4096,
12985884,AUI,RO,,2978624,AUI,inactive_ingredient_of,164824503,,MTHSPL,,,,,4096,
12985884,AUI,RO,,2994597,AUI,inactive_ingredient_of,164824266,,MTHSPL,,,,,4096,
12985884,AUI,RO,,3550579,AUI,inactive_ingredient_of,164824408,,MTHSPL,,,,,4096,
12985884,AUI,RO,,3632664,AUI,inactive_ingredient_of,164824546,,MTHSPL,,,,,4096,
12985884,AUI,RO,,3722204,AUI,inactive_ingredient_of,164824399,,MTHSPL,,,,,4096,
12985884,AUI,RO,,12402967,AUI,inactive_ingredient_of,164824014,,MTHSPL,,,,,4096,
12985884,AUI,RO,,12985880,AUI,active_ingredient_of,164823848,,MTHSPL,,,,,4096,
12985884,AUI,RO,,12985881,AUI,active_moiety_of,164825278,,MTHSPL,,,,,4096,
12985884,AUI,RO,,12985883,AUI,active_ingredient_of,164823833,,MTHSPL,,,,,4096,
12985884,AUI,RO,,12985885,AUI,active_moiety_of,164825350,,MTHSPL,,,,,4096,
12985885,AUI,RO,,12985884,AUI,has_active_moiety,164825453,,MTHSPL,,,,,4096,
12985888,AUI,RO,,2994597,AUI,inactive_ingredient_of,164824566,,MTHSPL,,,,,4096,
12985888,AUI,RO,,3031062,AUI,active_ingredient_of,164823793,,MTHSPL,,,,,4096,
12985888,AUI,RO,,3031062,AUI,active_moiety_of,164825264,,MTHSPL,,,,,4096,
12985888,AUI,RO,,3263423,AUI,inactive_ingredient_of,164824428,,MTHSPL,,,,,4096,
12985888,AUI,RO,,3265414,AUI,active_ingredient_of,164823835,,MTHSPL,,,,,4096,
12985888,AUI,RO,,3265414,AUI,active_moiety_of,164825307,,MTHSPL,,,,,4096,
12985888,AUI,RO,,3507354,AUI,inactive_ingredient_of,164824483,,MTHSPL,,,,,4096,
12985888,AUI,RO,,4231182,AUI,inactive_ingredient_of,164824486,,MTHSPL,,,,,4096,
12985888,AUI,RO,,5049492,AUI,inactive_ingredient_of,164824249,,MTHSPL,,,,,4096,
12985888,AUI,RO,,9708640,AUI,inactive_ingredient_of,164824316,,MTHSPL,,,,,4096,
12985919,AUI,SY,,12985917,AUI,,,,RXNORM,,,,,4096,
12985920,AUI,SY,,12985917,AUI,,,,RXNORM,,,,,4096,
12985928,AUI,SY,,12985926,AUI,,,,RXNORM,,,,,4096,
12985929,AUI,SY,,12985926,AUI,,,,RXNORM,,,,,4096,
12986983,AUI,RO,,2994597,AUI,inactive_ingredient_of,164827616,,MTHSPL,,,,,4096,
12986983,AUI,RO,,3278659,AUI,active_ingredient_of,164826747,,MTHSPL,,,,,4096,
12986983,AUI,RO,,3278659,AUI,active_moiety_of,164829013,,MTHSPL,,,,,4096,
12986983,AUI,RO,,3311306,AUI,inactive_ingredient_of,164827652,,MTHSPL,,,,,4096,
12986983,AUI,RO,,3621550,AUI,inactive_ingredient_of,164827741,,MTHSPL,,,,,4096,
12986983,AUI,RO,,4607084,AUI,inactive_ingredient_of,164827388,,MTHSPL,,,,,4096,
12986983,AUI,RO,,12921968,AUI,inactive_ingredient_of,164827061,,MTHSPL,,,,,4096,
12987152,AUI,RO,,2994597,AUI,inactive_ingredient_of,164830211,,MTHSPL,,,,,4096,
12987152,AUI,RO,,2994883,AUI,inactive_ingredient_of,164829527,,MTHSPL,,,,,4096,
12987152,AUI,RO,,3051140,AUI,inactive_ingredient_of,164829570,,MTHSPL,,,,,4096,
12987152,AUI,RO,,3308425,AUI,inactive_ingredient_of,164830152,,MTHSPL,,,,,4096,
12987152,AUI,RO,,3550579,AUI,inactive_ingredient_of,164829798,,MTHSPL,,,,,4096,
12987152,AUI,RO,,6799157,AUI,active_ingredient_of,164829202,,MTHSPL,,,,,4096,
12987152,AUI,RO,,6799157,AUI,active_moiety_of,164831347,,MTHSPL,,,,,4096,
12987152,AUI,RO,,10784397,AUI,inactive_ingredient_of,164829699,,MTHSPL,,,,,4096,
12987152,AUI,RO,,12408209,AUI,inactive_ingredient_of,164829931,,MTHSPL,,,,,4096,
12987152,AUI,RO,,12436612,AUI,inactive_ingredient_of,164829493,,MTHSPL,,,,,4096,
12987159,AUI,RO,,2978624,AUI,inactive_ingredient_of,164830015,,MTHSPL,,,,,4096,
12987159,AUI,RO,,3086377,AUI,active_ingredient_of,164829298,,MTHSPL,,,,,4096,
12987159,AUI,RO,,3086377,AUI,active_moiety_of,164831432,,MTHSPL,,,,,4096,
12987159,AUI,RO,,4232700,AUI,inactive_ingredient_of,164829534,,MTHSPL,,,,,4096,
12987159,AUI,RO,,4236906,AUI,inactive_ingredient_of,164830219,,MTHSPL,,,,,4096,
12987160,AUI,RO,,2978624,AUI,inactive_ingredient_of,164830282,,MTHSPL,,,,,4096,
12987160,AUI,RO,,3086377,AUI,active_ingredient_of,164829264,,MTHSPL,,,,,4096,
12987160,AUI,RO,,3086377,AUI,active_moiety_of,164831401,,MTHSPL,,,,,4096,
12987160,AUI,RO,,4232700,AUI,inactive_ingredient_of,164830016,,MTHSPL,,,,,4096,
12987160,AUI,RO,,4236906,AUI,inactive_ingredient_of,164829864,,MTHSPL,,,,,4096,
12987170,AUI,RO,,2994597,AUI,inactive_ingredient_of,164829806,,MTHSPL,,,,,4096,
12987170,AUI,RO,,3059051,AUI,inactive_ingredient_of,164829862,,MTHSPL,,,,,4096,
12987170,AUI,RO,,4236496,AUI,inactive_ingredient_of,164830281,,MTHSPL,,,,,4096,
12987170,AUI,RO,,4253607,AUI,inactive_ingredient_of,164830079,,MTHSPL,,,,,4096,
12987170,AUI,RO,,5080263,AUI,inactive_ingredient_of,164830258,,MTHSPL,,,,,4096,
12987170,AUI,RO,,12729192,AUI,active_ingredient_of,164829263,,MTHSPL,,,,,4096,
12987170,AUI,RO,,12729193,AUI,active_moiety_of,164831339,,MTHSPL,,,,,4096,
12987170,AUI,RO,,12819654,AUI,active_ingredient_of,164829297,,MTHSPL,,,,,4096,
12987170,AUI,RO,,12819658,AUI,active_moiety_of,164831403,,MTHSPL,,,,,4096,
12987170,AUI,RO,,12955925,AUI,active_ingredient_of,164829205,,MTHSPL,,,,,4096,
12987170,AUI,RO,,12955926,AUI,active_moiety_of,164831399,,MTHSPL,,,,,4096,
12987171,AUI,RO,,2994597,AUI,inactive_ingredient_of,164829449,,MTHSPL,,,,,4096,
12987171,AUI,RO,,3059051,AUI,inactive_ingredient_of,164830159,,MTHSPL,,,,,4096,
12987171,AUI,RO,,4236496,AUI,inactive_ingredient_of,164829586,,MTHSPL,,,,,4096,
12987171,AUI,RO,,4236931,AUI,inactive_ingredient_of,164830257,,MTHSPL,,,,,4096,
12987171,AUI,RO,,4253607,AUI,inactive_ingredient_of,164829427,,MTHSPL,,,,,4096,
12987171,AUI,RO,,5080263,AUI,inactive_ingredient_of,164830318,,MTHSPL,,,,,4096,
12987171,AUI,RO,,12729192,AUI,active_ingredient_of,164829227,,MTHSPL,,,,,4096,
12987171,AUI,RO,,12729193,AUI,active_moiety_of,164831378,,MTHSPL,,,,,4096,
12987171,AUI,RO,,12819654,AUI,active_ingredient_of,164829262,,MTHSPL,,,,,4096,
12987171,AUI,RO,,12819658,AUI,active_moiety_of,164831429,,MTHSPL,,,,,4096,
12987171,AUI,RO,,12955925,AUI,active_ingredient_of,164829241,,MTHSPL,,,,,4096,
12987171,AUI,RO,,12955926,AUI,active_moiety_of,164831390,,MTHSPL,,,,,4096,
12987172,AUI,RO,,3284139,AUI,inactive_ingredient_of,164830095,,MTHSPL,,,,,4096,
12987172,AUI,RO,,3311433,AUI,inactive_ingredient_of,164830011,,MTHSPL,,,,,4096,
12987172,AUI,RO,,3533855,AUI,inactive_ingredient_of,164829780,,MTHSPL,,,,,4096,
12987172,AUI,RO,,3632633,AUI,inactive_ingredient_of,164830254,,MTHSPL,,,,,4096,
12987172,AUI,RO,,4234039,AUI,inactive_ingredient_of,164829943,,MTHSPL,,,,,4096,
12987172,AUI,RO,,4234292,AUI,inactive_ingredient_of,164830033,,MTHSPL,,,,,4096,
12987172,AUI,RO,,4237650,AUI,inactive_ingredient_of,164830375,,MTHSPL,,,,,4096,
12987172,AUI,RO,,4622904,AUI,active_ingredient_of,164829254,,MTHSPL,,,,,4096,
12987172,AUI,RO,,4622904,AUI,active_moiety_of,164831398,,MTHSPL,,,,,4096,
12987172,AUI,RO,,12440246,AUI,active_ingredient_of,164829279,,MTHSPL,,,,,4096,
12987172,AUI,RO,,12440246,AUI,active_moiety_of,164831426,,MTHSPL,,,,,4096,
12987172,AUI,RO,,12922131,AUI,inactive_ingredient_of,164830073,,MTHSPL,,,,,4096,
12987747,AUI,SY,,12987746,AUI,,,,RXNORM,,,,,4096,
12987759,AUI,SY,,12987755,AUI,,,,RXNORM,,,,,4096,
12987760,AUI,SY,,12987755,AUI,,,,RXNORM,,,,,4096,
12987761,AUI,SY,,12987754,AUI,,,,RXNORM,,,,,4096,
12987762,AUI,SY,,12987754,AUI,,,,RXNORM,,,,,4096,
12987763,AUI,SY,,12987754,AUI,,,,RXNORM,,,,,4096,
12987764,AUI,SY,,12987755,AUI,,,,RXNORM,,,,,4096,
12987773,AUI,SY,,12987769,AUI,,,,RXNORM,,,,,4096,
12987774,AUI,SY,,12987769,AUI,,,,RXNORM,,,,,4096,
12987775,AUI,SY,,12987769,AUI,,,,RXNORM,,,,,4096,
12987776,AUI,SY,,12987766,AUI,,,,RXNORM,,,,,4096,
12987777,AUI,SY,,12987766,AUI,,,,RXNORM,,,,,4096,
12987778,AUI,SY,,12987766,AUI,,,,RXNORM,,,,,4096,
12987782,AUI,SY,,12987780,AUI,,,,RXNORM,,,,,4096,
12987783,AUI,SY,,12987780,AUI,,,,RXNORM,,,,,4096,
12987787,AUI,SY,,12987786,AUI,,,,RXNORM,,,,,4096,
12987788,AUI,SY,,12987786,AUI,,,,RXNORM,,,,,4096,
12987833,AUI,SY,,12987832,AUI,,,,RXNORM,,,,,4096,
12987834,AUI,SY,,12987832,AUI,,,,RXNORM,,,,,4096,
12987841,AUI,SY,,12987746,AUI,,,,RXNORM,,,,,4096,
12987842,AUI,SY,,12987754,AUI,,,,RXNORM,,,,,4096,
12987843,AUI,SY,,12987751,AUI,,,,RXNORM,,,,,4096,
12987844,AUI,SY,,12987777,AUI,,,,RXNORM,,,,,4096,
12987845,AUI,SY,,12987755,AUI,,,,RXNORM,,,,,4096,
12987847,AUI,SY,,12987769,AUI,,,,RXNORM,,,,,4096,
12987848,AUI,SY,,12987766,AUI,,,,RXNORM,,,,,4096,
12987852,AUI,SY,,12987768,AUI,,,,RXNORM,,,,,4096,
12987853,AUI,SY,,12987778,AUI,,,,RXNORM,,,,,4096,
12987854,AUI,SY,,12987765,AUI,,,,RXNORM,,,,,4096,
12987855,AUI,SY,,12987763,AUI,,,,RXNORM,,,,,4096,
12987856,AUI,SY,,12987762,AUI,,,,RXNORM,,,,,4096,
12987857,AUI,SY,,12987749,AUI,,,,RXNORM,,,,,4096,
,CUI,RO,2719199,,CUI,has_ingredient,164838145,,RXNORM,,,,,4096,
,CUI,RO,2719205,,CUI,has_ingredient,164838199,,RXNORM,,,,,4096,
,CUI,RO,2719242,,CUI,has_ingredient,164838515,,RXNORM,,,,,4096,
,CUI,RN,2719193,,CUI,tradename_of,164838101,,RXNORM,,,,,4096,
,CUI,RO,2719243,,CUI,has_ingredient,164838517,,RXNORM,,,,,4096,
,CUI,RO,2718368,,CUI,has_dose_form,164823349,,RXNORM,,,,,4096,
,CUI,RO,2718372,,CUI,has_dose_form,164823391,,RXNORM,,,,,4096,
,CUI,RO,2718374,,CUI,has_dose_form,164823413,,RXNORM,,,,,4096,
,CUI,RO,2718403,,CUI,has_dose_form,164823743,,RXNORM,,,,,4096,
,CUI,RO,2718404,,CUI,has_dose_form,164823757,,RXNORM,,,,,4096,
,CUI,RO,2718406,,CUI,has_dose_form,164823775,,RXNORM,,,,,4096,
,CUI,RO,2719214,,CUI,has_dose_form,164838303,,RXNORM,,,,,4096,
,CUI,RO,2719216,,CUI,has_dose_form,164838321,,RXNORM,,,,,4096,
,CUI,RO,2719197,,CUI,has_dose_form,164838121,,RXNORM,,,,,4096,
,CUI,RO,2719198,,CUI,has_dose_form,164838139,,RXNORM,,,,,4096,
,CUI,RO,2717948,,CUI,has_dose_form,164821411,,RXNORM,,,,,4096,
,CUI,RO,2717949,,CUI,has_dose_form,164821419,,RXNORM,,,,,4096,
,CUI,RO,2717954,,CUI,has_dose_form,164821449,,RXNORM,,,,,4096,
,CUI,RO,2717955,,CUI,has_dose_form,164821459,,RXNORM,,,,,4096,
,CUI,RO,2719244,,CUI,has_dose_form,164838521,,RXNORM,,,,,4096,
,CUI,RO,2718378,,CUI,has_dose_form,164823459,,RXNORM,,,,,4096,
,CUI,RO,2718380,,CUI,has_dose_form,164823467,,RXNORM,,,,,4096,
,CUI,RO,2718382,,CUI,has_dose_form,164823489,,RXNORM,,,,,4096,
,CUI,RO,2718386,,CUI,has_dose_form,164823543,,RXNORM,,,,,4096,
,CUI,RO,2718391,,CUI,has_dose_form,164823599,,RXNORM,,,,,4096,
,CUI,RO,2718393,,CUI,has_dose_form,164823619,,RXNORM,,,,,4096,
,CUI,RO,2718398,,CUI,has_dose_form,164823681,,RXNORM,,,,,4096,
,CUI,RO,2718400,,CUI,has_dose_form,164823725,,RXNORM,,,,,4096,
,CUI,RO,2718460,,CUI,has_dose_form,164825501,,RXNORM,,,,,4096,
,CUI,RO,2718462,,CUI,has_dose_form,164825523,,RXNORM,,,,,4096,
,CUI,RO,2718467,,CUI,has_dose_form,164825583,,RXNORM,,,,,4096,
,CUI,RO,2718469,,CUI,has_dose_form,164825605,,RXNORM,,,,,4096,
,CUI,RO,2719212,,CUI,has_dose_form,164838297,,RXNORM,,,,,4096,
,CUI,RO,2718371,,CUI,has_doseformgroup,164823381,,RXNORM,,,,,4096,
,CUI,RO,2718390,,CUI,has_doseformgroup,164823585,,RXNORM,,,,,4096,
,CUI,RO,2718397,,CUI,has_doseformgroup,164823667,,RXNORM,,,,,4096,
,CUI,RO,2718459,,CUI,has_doseformgroup,164825487,,RXNORM,,,,,4096,
,CUI,RO,2718466,,CUI,has_doseformgroup,164825569,,RXNORM,,,,,4096,
,CUI,RO,2717946,,CUI,has_doseformgroup,164821405,,RXNORM,,,,,4096,
,CUI,RO,2717952,,CUI,has_doseformgroup,164821435,,RXNORM,,,,,4096,
,CUI,RO,2719195,,CUI,has_doseformgroup,164838107,,RXNORM,,,,,4096,
,CUI,RO,2717947,,CUI,has_doseformgroup,164821409,,RXNORM,,,,,4096,
,CUI,RO,2717953,,CUI,has_doseformgroup,164821441,,RXNORM,,,,,4096,
,CUI,RO,2719196,,CUI,has_doseformgroup,164838113,,RXNORM,,,,,4096,
,CUI,RN,2719195,,CUI,tradename_of,164838111,,RXNORM,,,,,4096,
,CUI,RN,2719203,,CUI,isa,164838177,,RXNORM,,,,,4096,
,CUI,RN,2719206,,CUI,isa,164838213,,RXNORM,,,,,4096,
,CUI,RO,2719201,,CUI,has_ingredient,164838157,,RXNORM,,,,,4096,
,CUI,RO,2719204,,CUI,has_ingredient,164838189,,RXNORM,,,,,4096,
,CUI,RO,2719208,,CUI,has_ingredient,164838221,,RXNORM,,,,,4096,
,CUI,RO,2719209,,CUI,has_ingredient,164838227,,RXNORM,,,,,4096,
,CUI,RN,2719204,,CUI,isa,164838193,,RXNORM,,,,,4096,
,CUI,RN,2719209,,CUI,isa,164838231,,RXNORM,,,,,4096,
,CUI,RO,2719203,,CUI,has_dose_form,164838173,,RXNORM,,,,,4096,
,CUI,RO,2719204,,CUI,has_dose_form,164838185,,RXNORM,,,,,4096,
,CUI,RO,2719206,,CUI,has_dose_form,164838209,,RXNORM,,,,,4096,
,CUI,RO,2719209,,CUI,has_dose_form,164838225,,RXNORM,,,,,4096,
,CUI,RN,2718369,,CUI,tradename_of,164823361,,RXNORM,,,,,4096,
,CUI,RN,2718388,,CUI,tradename_of,164823565,,RXNORM,,,,,4096,
,CUI,RN,2718395,,CUI,tradename_of,164823647,,RXNORM,,,,,4096,
,CUI,RN,2718457,,CUI,tradename_of,164825467,,RXNORM,,,,,4096,
,CUI,RN,2718464,,CUI,tradename_of,164825549,,RXNORM,,,,,4096,
,CUI,RN,2717943,,CUI,form_of,164821398,,RXNORM,,,,,4096,
,CUI,RO,2718365,,CUI,has_ingredient,164823331,,RXNORM,,,,,4096,
,CUI,RN,2718369,,CUI,tradename_of,164823369,,RXNORM,,,,,4096,
,CUI,RN,2718388,,CUI,tradename_of,164823573,,RXNORM,,,,,4096,
,CUI,RN,2718395,,CUI,tradename_of,164823655,,RXNORM,,,,,4096,
,CUI,RN,2718457,,CUI,tradename_of,164825475,,RXNORM,,,,,4096,
,CUI,RN,2718464,,CUI,tradename_of,164825557,,RXNORM,,,,,4096,
,CUI,RN,2718369,,CUI,tradename_of,164823365,,RXNORM,,,,,4096,
,CUI,RN,2718388,,CUI,tradename_of,164823569,,RXNORM,,,,,4096,
,CUI,RN,2718395,,CUI,tradename_of,164823651,,RXNORM,,,,,4096,
,CUI,RN,2718457,,CUI,tradename_of,164825471,,RXNORM,,,,,4096,
,CUI,RN,2718464,,CUI,tradename_of,164825553,,RXNORM,,,,,4096,
,CUI,RN,2718368,,CUI,isa,164823353,,RXNORM,,,,,4096,
,CUI,RN,2718371,,CUI,tradename_of,164823385,,RXNORM,,,,,4096,
,CUI,RN,2718378,,CUI,isa,164823455,,RXNORM,,,,,4096,
,CUI,RN,2718386,,CUI,isa,164823537,,RXNORM,,,,,4096,
,CUI,RN,2718390,,CUI,tradename_of,164823587,,RXNORM,,,,,4096,
,CUI,RN,2718397,,CUI,tradename_of,164823673,,RXNORM,,,,,4096,
,CUI,RN,2718403,,CUI,isa,164823747,,RXNORM,,,,,4096,
,CUI,RN,2718459,,CUI,tradename_of,164825493,,RXNORM,,,,,4096,
,CUI,RN,2718466,,CUI,tradename_of,164825575,,RXNORM,,,,,4096,
,CUI,RN,2718377,,CUI,form_of,164823425,,RXNORM,,,,,4096,
,CUI,RN,2718378,,CUI,isa,164823453,,RXNORM,,,,,4096,
,CUI,RN,2718380,,CUI,tradename_of,164823465,,RXNORM,,,,,4096,
,CUI,RN,2718385,,CUI,form_of,164823525,,RXNORM,,,,,4096,
,CUI,RN,2718386,,CUI,isa,164823535,,RXNORM,,,,,4096,
,CUI,RN,2718391,,CUI,tradename_of,164823593,,RXNORM,,,,,4096,
,CUI,RN,2718398,,CUI,tradename_of,164823679,,RXNORM,,,,,4096,
,CUI,RN,2718460,,CUI,tradename_of,164825499,,RXNORM,,,,,4096,
,CUI,RN,2718467,,CUI,tradename_of,164825581,,RXNORM,,,,,4096,
,CUI,RO,2718368,,CUI,has_ingredients,164823359,,RXNORM,,,,,4096,
,CUI,RO,2718378,,CUI,has_ingredients,164823461,,RXNORM,,,,,4096,
,CUI,RO,2718386,,CUI,has_ingredients,164823545,,RXNORM,,,,,4096,
,CUI,RO,2718403,,CUI,has_ingredients,164823753,,RXNORM,,,,,4096,
,CUI,RN,2718367,,CUI,form_of,164823341,,RXNORM,,,,,4096,
,CUI,RN,2718368,,CUI,isa,164823357,,RXNORM,,,,,4096,
,CUI,RN,2718372,,CUI,tradename_of,164823395,,RXNORM,,,,,4096,
,CUI,RN,2718402,,CUI,form_of,164823735,,RXNORM,,,,,4096,
,CUI,RN,2718403,,CUI,isa,164823751,,RXNORM,,,,,4096,
,CUI,RN,2718404,,CUI,tradename_of,164823759,,RXNORM,,,,,4096,
,CUI,RN,2719214,,CUI,tradename_of,164838309,,RXNORM,,,,,4096,
,CUI,RN,2719203,,CUI,isa,164838175,,RXNORM,,,,,4096,
,CUI,RN,2719206,,CUI,isa,164838211,,RXNORM,,,,,4096,
,CUI,RN,2719204,,CUI,isa,164838183,,RXNORM,,,,,4096,
,CUI,RN,2719209,,CUI,isa,164838223,,RXNORM,,,,,4096,
,CUI,RN,2719194,,CUI,tradename_of,164838103,,RXNORM,,,,,4096,
,CUI,RO,2719198,,CUI,consists_of,164838129,,RXNORM,,,,,4096,
,CUI,RN,2719196,,CUI,tradename_of,164838115,,RXNORM,,,,,4096,
,CUI,RN,2719197,,CUI,tradename_of,164838123,,RXNORM,,,,,4096,
,CUI,RN,2719198,,CUI,tradename_of,164838143,,RXNORM,,,,,4096,
,CUI,RO,2719244,,CUI,has_ingredients,164838525,,RXNORM,,,,,4096,
,CUI,RN,2719244,,CUI,isa,164838527,,RXNORM,,,,,4096,
,CUI,RN,2719244,,CUI,isa,164838529,,RXNORM,,,,,4096,
,CUI,RN,2719244,,CUI,isa,164838523,,RXNORM,,,,,4096,
,CUI,RN,2718464,,CUI,has_precise_ingredient,164825555,,RXNORM,,,,,4096,
,CUI,RN,2719211,,CUI,tradename_of,164838257,,RXNORM,,,,,4096,
,CUI,RO,2719212,,CUI,consists_of,164838287,,RXNORM,,,,,4096,
,CUI,RO,2719216,,CUI,consists_of,164838319,,RXNORM,,,,,4096,
,CUI,RO,2718385,,CUI,has_boss,164823523,,RXNORM,,,,,4096,
,CUI,RN,2718388,,CUI,has_precise_ingredient,164823571,,RXNORM,,,,,4096,
,CUI,RN,2718395,,CUI,has_precise_ingredient,164823653,,RXNORM,,,,,4096,
,CUI,RO,2718402,,CUI,has_boss,164823733,,RXNORM,,,,,4096,
,CUI,RN,2718457,,CUI,has_precise_ingredient,164825473,,RXNORM,,,,,4096,
,CUI,RO,2718386,,CUI,consists_of,164823539,,RXNORM,,,,,4096,
,CUI,RN,2718389,,CUI,tradename_of,164823581,,RXNORM,,,,,4096,
,CUI,RO,2718393,,CUI,consists_of,164823613,,RXNORM,,,,,4096,
,CUI,RN,2718396,,CUI,tradename_of,164823665,,RXNORM,,,,,4096,
,CUI,RO,2718400,,CUI,consists_of,164823723,,RXNORM,,,,,4096,
,CUI,RO,2718403,,CUI,consists_of,164823749,,RXNORM,,,,,4096,
,CUI,RO,2718406,,CUI,consists_of,164823781,,RXNORM,,,,,4096,
,CUI,RN,2718458,,CUI,tradename_of,164825485,,RXNORM,,,,,4096,
,CUI,RO,2718462,,CUI,consists_of,164825517,,RXNORM,,,,,4096,
,CUI,RO,2718367,,CUI,has_boss,164823343,,RXNORM,,,,,4096,
,CUI,RN,2718369,,CUI,has_precise_ingredient,164823367,,RXNORM,,,,,4096,
,CUI,RO,2718377,,CUI,has_boss,164823429,,RXNORM,,,,,4096,
,CUI,RO,2718368,,CUI,consists_of,164823355,,RXNORM,,,,,4096,
,CUI,RN,2718370,,CUI,tradename_of,164823379,,RXNORM,,,,,4096,
,CUI,RO,2718374,,CUI,consists_of,164823419,,RXNORM,,,,,4096,
,CUI,RO,2718378,,CUI,consists_of,164823457,,RXNORM,,,,,4096,
,CUI,RO,2718382,,CUI,consists_of,164823485,,RXNORM,,,,,4096,
,CUI,RO,2718385,,CUI,has_boss,164823521,,RXNORM,,,,,4096,
,CUI,RN,2718388,,CUI,has_precise_ingredient,164823567,,RXNORM,,,,,4096,
,CUI,RN,2718395,,CUI,has_precise_ingredient,164823649,,RXNORM,,,,,4096,
,CUI,RO,2718402,,CUI,has_boss,164823729,,RXNORM,,,,,4096,
,CUI,RN,2718457,,CUI,has_precise_ingredient,164825469,,RXNORM,,,,,4096,
,CUI,RN,2718464,,CUI,has_precise_ingredient,164825551,,RXNORM,,,,,4096,
,CUI,RO,2718386,,CUI,consists_of,164823533,,RXNORM,,,,,4096,
,CUI,RN,2718389,,CUI,tradename_of,164823579,,RXNORM,,,,,4096,
,CUI,RO,2718393,,CUI,consists_of,164823607,,RXNORM,,,,,4096,
,CUI,RN,2718396,,CUI,tradename_of,164823663,,RXNORM,,,,,4096,
,CUI,RO,2718400,,CUI,consists_of,164823713,,RXNORM,,,,,4096,
,CUI,RO,2718403,,CUI,consists_of,164823741,,RXNORM,,,,,4096,
,CUI,RO,2718406,,CUI,consists_of,164823771,,RXNORM,,,,,4096,
,CUI,RN,2718458,,CUI,tradename_of,164825481,,RXNORM,,,,,4096,
,CUI,RO,2718462,,CUI,consists_of,164825511,,RXNORM,,,,,4096,
,CUI,RN,2719211,,CUI,tradename_of,164838255,,RXNORM,,,,,4096,
,CUI,RO,2719212,,CUI,consists_of,164838285,,RXNORM,,,,,4096,
,CUI,RO,2719216,,CUI,consists_of,164838317,,RXNORM,,,,,4096,
,CUI,RO,2718367,,CUI,has_boss,164823339,,RXNORM,,,,,4096,
,CUI,RN,2718369,,CUI,has_precise_ingredient,164823363,,RXNORM,,,,,4096,
,CUI,RO,2718377,,CUI,has_boss,164823423,,RXNORM,,,,,4096,
,CUI,RO,2718368,,CUI,consists_of,164823345,,RXNORM,,,,,4096,
,CUI,RN,2718370,,CUI,tradename_of,164823373,,RXNORM,,,,,4096,
,CUI,RO,2718374,,CUI,consists_of,164823401,,RXNORM,,,,,4096,
,CUI,RO,2718378,,CUI,consists_of,164823447,,RXNORM,,,,,4096,
,CUI,RO,2718382,,CUI,consists_of,164823477,,RXNORM,,,,,4096,
,CUI,RN,2718465,,CUI,tradename_of,164825561,,RXNORM,,,,,4096,
,CUI,RO,2718469,,CUI,consists_of,164825591,,RXNORM,,,,,4096,
,CUI,RN,2718465,,CUI,tradename_of,164825567,,RXNORM,,,,,4096,
,CUI,RO,2718469,,CUI,consists_of,164825607,,RXNORM,,,,,4096,
,CUI,RO,2718385,,CUI,has_boss,164823529,,RXNORM,,,,,4096,
,CUI,RN,2718388,,CUI,has_precise_ingredient,164823575,,RXNORM,,,,,4096,
,CUI,RN,2718395,,CUI,has_precise_ingredient,164823657,,RXNORM,,,,,4096,
,CUI,RO,2718402,,CUI,has_boss,164823737,,RXNORM,,,,,4096,
,CUI,RN,2718457,,CUI,has_precise_ingredient,164825477,,RXNORM,,,,,4096,
,CUI,RN,2718464,,CUI,has_precise_ingredient,164825559,,RXNORM,,,,,4096,
,CUI,RN,2718465,,CUI,tradename_of,164825565,,RXNORM,,,,,4096,
,CUI,RO,2718469,,CUI,consists_of,164825601,,RXNORM,,,,,4096,
,CUI,RN,2718466,,CUI,tradename_of,164825571,,RXNORM,,,,,4096,
,CUI,RN,2718468,,CUI,tradename_of,164825587,,RXNORM,,,,,4096,
,CUI,RN,2718469,,CUI,tradename_of,164825589,,RXNORM,,,,,4096,
,CUI,RO,2718386,,CUI,consists_of,164823531,,RXNORM,,,,,4096,
,CUI,RN,2718389,,CUI,tradename_of,164823577,,RXNORM,,,,,4096,
,CUI,RO,2718393,,CUI,consists_of,164823605,,RXNORM,,,,,4096,
,CUI,RN,2718396,,CUI,tradename_of,164823659,,RXNORM,,,,,4096,
,CUI,RO,2718400,,CUI,consists_of,164823709,,RXNORM,,,,,4096,
,CUI,RO,2718403,,CUI,consists_of,164823739,,RXNORM,,,,,4096,
,CUI,RO,2718406,,CUI,consists_of,164823767,,RXNORM,,,,,4096,
,CUI,RN,2718458,,CUI,tradename_of,164825479,,RXNORM,,,,,4096,
,CUI,RO,2718462,,CUI,consists_of,164825509,,RXNORM,,,,,4096,
,CUI,RN,2719211,,CUI,tradename_of,164838253,,RXNORM,,,,,4096,
,CUI,RO,2719212,,CUI,consists_of,164838281,,RXNORM,,,,,4096,
,CUI,RO,2719216,,CUI,consists_of,164838315,,RXNORM,,,,,4096,
,CUI,RN,2719215,,CUI,tradename_of,164838313,,RXNORM,,,,,4096,
,CUI,RN,2719216,,CUI,tradename_of,164838329,,RXNORM,,,,,4096,
,CUI,RN,2719212,,CUI,tradename_of,164838291,,RXNORM,,,,,4096,
,CUI,RB,1657131,,CUI,has_form,164821399,,RXNORM,,,,,4096,
,CUI,RO,2718365,,CUI,has_precise_ingredient,164823329,,RXNORM,,,,,4096,
,CUI,RO,2718367,,CUI,has_boss,164823335,,RXNORM,,,,,4096,
,CUI,RN,2718369,,CUI,has_precise_ingredient,164823371,,RXNORM,,,,,4096,
,CUI,RO,2718377,,CUI,has_boss,164823421,,RXNORM,,,,,4096,
,CUI,RO,2717945,,CUI,has_ingredient,164821401,,RXNORM,,,,,4096,
,CUI,RO,2717946,,CUI,has_ingredient,164821403,,RXNORM,,,,,4096,
,CUI,RO,2717947,,CUI,has_ingredient,164821407,,RXNORM,,,,,4096,
,CUI,RO,2717948,,CUI,has_ingredient,164821415,,RXNORM,,,,,4096,
,CUI,RN,2717950,,CUI,tradename_of,164821429,,RXNORM,,,,,4096,
,CUI,RO,2717944,,CUI,ingredient_of,164821400,,RXNORM,,,,,4096,
,CUI,RO,2717949,,CUI,consists_of,164821425,,RXNORM,,,,,4096,
,CUI,RN,2717951,,CUI,tradename_of,164821433,,RXNORM,,,,,4096,
,CUI,RO,2717955,,CUI,consists_of,164821471,,RXNORM,,,,,4096,
,CUI,RO,1151131,,CUI,doseformgroup_of,164821404,,RXNORM,,,,,4096,
,CUI,RO,2717944,,CUI,ingredient_of,164821402,,RXNORM,,,,,4096,
,CUI,RN,2717948,,CUI,isa,164821413,,RXNORM,,,,,4096,
,CUI,RN,2717949,,CUI,isa,164821423,,RXNORM,,,,,4096,
,CUI,RN,2717952,,CUI,tradename_of,164821439,,RXNORM,,,,,4096,
,CUI,RO,1151133,,CUI,doseformgroup_of,164821408,,RXNORM,,,,,4096,
,CUI,RO,2717944,,CUI,ingredient_of,164821406,,RXNORM,,,,,4096,
,CUI,RN,2717948,,CUI,isa,164821417,,RXNORM,,,,,4096,
,CUI,RN,2717949,,CUI,isa,164821427,,RXNORM,,,,,4096,
,CUI,RN,2717953,,CUI,tradename_of,164821445,,RXNORM,,,,,4096,
,CUI,RO,317541,,CUI,dose_form_of,164821410,,RXNORM,,,,,4096,
,CUI,RO,2717944,,CUI,ingredient_of,164821414,,RXNORM,,,,,4096,
,CUI,RB,2717946,,CUI,inverse_isa,164821412,,RXNORM,,,,,4096,
,CUI,RB,2717947,,CUI,inverse_isa,164821416,,RXNORM,,,,,4096,
,CUI,RN,2717949,,CUI,isa,164821421,,RXNORM,,,,,4096,
,CUI,RN,2717954,,CUI,tradename_of,164821451,,RXNORM,,,,,4096,
,CUI,RO,317541,,CUI,dose_form_of,164821418,,RXNORM,,,,,4096,
,CUI,RO,2717945,,CUI,constitutes,164821424,,RXNORM,,,,,4096,
,CUI,RB,2717946,,CUI,inverse_isa,164821422,,RXNORM,,,,,4096,
,CUI,RB,2717947,,CUI,inverse_isa,164821426,,RXNORM,,,,,4096,
,CUI,RB,2717948,,CUI,inverse_isa,164821420,,RXNORM,,,,,4096,
,CUI,RN,2717955,,CUI,tradename_of,164821461,,RXNORM,,,,,4096,
,CUI,RB,2717944,,CUI,has_tradename,164821428,,RXNORM,,,,,4096,
,CUI,RO,2717951,,CUI,has_ingredient,164821431,,RXNORM,,,,,4096,
,CUI,RO,2717952,,CUI,has_ingredient,164821437,,RXNORM,,,,,4096,
,CUI,RO,2717953,,CUI,has_ingredient,164821443,,RXNORM,,,,,4096,
,CUI,RO,2717954,,CUI,has_ingredient,164821447,,RXNORM,,,,,4096,
,CUI,RO,2717955,,CUI,has_ingredient,164821457,,RXNORM,,,,,4096,
,CUI,RB,2717945,,CUI,has_tradename,164821432,,RXNORM,,,,,4096,
,CUI,RO,2717950,,CUI,ingredient_of,164821430,,RXNORM,,,,,4096,
,CUI,RO,2717955,,CUI,consists_of,164821467,,RXNORM,,,,,4096,
,CUI,RO,1151131,,CUI,doseformgroup_of,164821434,,RXNORM,,,,,4096,
,CUI,RB,2717946,,CUI,has_tradename,164821438,,RXNORM,,,,,4096,
,CUI,RO,2717950,,CUI,ingredient_of,164821436,,RXNORM,,,,,4096,
,CUI,RN,2717954,,CUI,isa,164821453,,RXNORM,,,,,4096,
,CUI,RN,2717955,,CUI,isa,164821463,,RXNORM,,,,,4096,
,CUI,RO,1151133,,CUI,doseformgroup_of,164821440,,RXNORM,,,,,4096,
,CUI,RB,2717947,,CUI,has_tradename,164821444,,RXNORM,,,,,4096,
,CUI,RO,2717950,,CUI,ingredient_of,164821442,,RXNORM,,,,,4096,
,CUI,RN,2717954,,CUI,isa,164821455,,RXNORM,,,,,4096,
,CUI,RN,2717955,,CUI,isa,164821465,,RXNORM,,,,,4096,
,CUI,RO,317541,,CUI,dose_form_of,164821448,,RXNORM,,,,,4096,
,CUI,RB,2717948,,CUI,has_tradename,164821450,,RXNORM,,,,,4096,
,CUI,RO,2717950,,CUI,ingredient_of,164821446,,RXNORM,,,,,4096,
,CUI,RB,2717952,,CUI,inverse_isa,164821452,,RXNORM,,,,,4096,
,CUI,RB,2717953,,CUI,inverse_isa,164821454,,RXNORM,,,,,4096,
,CUI,RN,2717955,,CUI,isa,164821469,,RXNORM,,,,,4096,
,CUI,RO,317541,,CUI,dose_form_of,164821458,,RXNORM,,,,,4096,
,CUI,RO,2717945,,CUI,constitutes,164821470,,RXNORM,,,,,4096,
,CUI,RB,2717949,,CUI,has_tradename,164821460,,RXNORM,,,,,4096,
,CUI,RO,2717950,,CUI,ingredient_of,164821456,,RXNORM,,,,,4096,
,CUI,RO,2717951,,CUI,constitutes,164821466,,RXNORM,,,,,4096,
,CUI,RB,2717952,,CUI,inverse_isa,164821462,,RXNORM,,,,,4096,
,CUI,RB,2717953,,CUI,inverse_isa,164821464,,RXNORM,,,,,4096,
,CUI,RB,2717954,,CUI,inverse_isa,164821468,,RXNORM,,,,,4096,
,CUI,RO,1657131,,CUI,ingredient_of,164823330,,RXNORM,,,,,4096,
,CUI,RO,2717943,,CUI,precise_ingredient_of,164823328,,RXNORM,,,,,4096,
,CUI,RO,2718368,,CUI,consists_of,164823347,,RXNORM,,,,,4096,
,CUI,RN,2718370,,CUI,tradename_of,164823375,,RXNORM,,,,,4096,
,CUI,RO,2718374,,CUI,consists_of,164823411,,RXNORM,,,,,4096,
,CUI,RO,2718378,,CUI,consists_of,164823449,,RXNORM,,,,,4096,
,CUI,RO,2718382,,CUI,consists_of,164823479,,RXNORM,,,,,4096,
,CUI,RB,1657324,,CUI,has_form,164823340,,RXNORM,,,,,4096,
,CUI,RO,2605725,,CUI,boss_of,164823342,,RXNORM,,,,,4096,
,CUI,RO,2641877,,CUI,boss_of,164823338,,RXNORM,,,,,4096,
,CUI,RO,2717943,,CUI,boss_of,164823334,,RXNORM,,,,,4096,
,CUI,RN,2718368,,CUI,isa,164823351,,RXNORM,,,,,4096,
,CUI,RN,2718373,,CUI,tradename_of,164823399,,RXNORM,,,,,4096,
,CUI,RO,316950,,CUI,dose_form_of,164823348,,RXNORM,,,,,4096,
,CUI,RB,1657136,,CUI,inverse_isa,164823352,,RXNORM,,,,,4096,
,CUI,RO,1657138,,CUI,ingredients_of,164823358,,RXNORM,,,,,4096,
,CUI,RB,1657324,,CUI,inverse_isa,164823356,,RXNORM,,,,,4096,
,CUI,RO,2605728,,CUI,constitutes,164823354,,RXNORM,,,,,4096,
,CUI,RO,2641878,,CUI,constitutes,164823344,,RXNORM,,,,,4096,
,CUI,RO,2718365,,CUI,constitutes,164823346,,RXNORM,,,,,4096,
,CUI,RB,2718367,,CUI,inverse_isa,164823350,,RXNORM,,,,,4096,
,CUI,RN,2718374,,CUI,tradename_of,164823415,,RXNORM,,,,,4096,
,CUI,RB,1657128,,CUI,has_tradename,164823360,,RXNORM,,,,,4096,
,CUI,RB,1657131,,CUI,has_tradename,164823368,,RXNORM,,,,,4096,
,CUI,RB,1657134,,CUI,has_tradename,164823364,,RXNORM,,,,,4096,
,CUI,RB,2605725,,CUI,precise_ingredient_of,164823366,,RXNORM,,,,,4096,
,CUI,RB,2641877,,CUI,precise_ingredient_of,164823362,,RXNORM,,,,,4096,
,CUI,RB,2717943,,CUI,precise_ingredient_of,164823370,,RXNORM,,,,,4096,
,CUI,RO,2718370,,CUI,has_ingredient,164823377,,RXNORM,,,,,4096,
,CUI,RO,2718371,,CUI,has_ingredient,164823387,,RXNORM,,,,,4096,
,CUI,RO,2718372,,CUI,has_ingredient,164823393,,RXNORM,,,,,4096,
,CUI,RO,2718374,,CUI,has_ingredient,164823417,,RXNORM,,,,,4096,
,CUI,RO,2718380,,CUI,has_ingredient,164823471,,RXNORM,,,,,4096,
,CUI,RO,2718382,,CUI,has_ingredient,164823495,,RXNORM,,,,,4096,
,CUI,RB,2605728,,CUI,has_tradename,164823378,,RXNORM,,,,,4096,
,CUI,RB,2641878,,CUI,has_tradename,164823372,,RXNORM,,,,,4096,
,CUI,RB,2718365,,CUI,has_tradename,164823374,,RXNORM,,,,,4096,
,CUI,RO,2718369,,CUI,ingredient_of,164823376,,RXNORM,,,,,4096,
,CUI,RO,2718374,,CUI,consists_of,164823403,,RXNORM,,,,,4096,
,CUI,RO,2718382,,CUI,consists_of,164823483,,RXNORM,,,,,4096,
,CUI,RO,1151126,,CUI,doseformgroup_of,164823380,,RXNORM,,,,,4096,
,CUI,RB,1657136,,CUI,has_tradename,164823384,,RXNORM,,,,,4096,
,CUI,RO,2718369,,CUI,ingredient_of,164823386,,RXNORM,,,,,4096,
,CUI,RN,2718372,,CUI,isa,164823389,,RXNORM,,,,,4096,
,CUI,RN,2718374,,CUI,isa,164823409,,RXNORM,,,,,4096,
,CUI,RN,2718380,,CUI,isa,164823469,,RXNORM,,,,,4096,
,CUI,RN,2718382,,CUI,isa,164823491,,RXNORM,,,,,4096,
,CUI,RO,316950,,CUI,dose_form_of,164823390,,RXNORM,,,,,4096,
,CUI,RB,1657324,,CUI,has_tradename,164823394,,RXNORM,,,,,4096,
,CUI,RO,2718369,,CUI,ingredient_of,164823392,,RXNORM,,,,,4096,
,CUI,RB,2718371,,CUI,inverse_isa,164823388,,RXNORM,,,,,4096,
,CUI,RN,2718373,,CUI,form_of,164823397,,RXNORM,,,,,4096,
,CUI,RN,2718374,,CUI,isa,164823407,,RXNORM,,,,,4096,
,CUI,RB,2718367,,CUI,has_tradename,164823398,,RXNORM,,,,,4096,
,CUI,RB,2718372,,CUI,has_form,164823396,,RXNORM,,,,,4096,
,CUI,RN,2718374,,CUI,isa,164823405,,RXNORM,,,,,4096,
,CUI,RO,316950,,CUI,dose_form_of,164823412,,RXNORM,,,,,4096,
,CUI,RO,2605728,,CUI,constitutes,164823418,,RXNORM,,,,,4096,
,CUI,RO,2641878,,CUI,constitutes,164823400,,RXNORM,,,,,4096,
,CUI,RO,2718365,,CUI,constitutes,164823410,,RXNORM,,,,,4096,
,CUI,RB,2718368,,CUI,has_tradename,164823414,,RXNORM,,,,,4096,
,CUI,RO,2718369,,CUI,ingredient_of,164823416,,RXNORM,,,,,4096,
,CUI,RO,2718370,,CUI,constitutes,164823402,,RXNORM,,,,,4096,
,CUI,RB,2718371,,CUI,inverse_isa,164823408,,RXNORM,,,,,4096,
,CUI,RB,2718372,,CUI,inverse_isa,164823406,,RXNORM,,,,,4096,
,CUI,RB,2718373,,CUI,inverse_isa,164823404,,RXNORM,,,,,4096,
,CUI,RB,1657137,,CUI,has_form,164823424,,RXNORM,,,,,4096,
,CUI,RO,2605725,,CUI,boss_of,164823428,,RXNORM,,,,,4096,
,CUI,RO,2641877,,CUI,boss_of,164823422,,RXNORM,,,,,4096,
,CUI,RO,2717943,,CUI,boss_of,164823420,,RXNORM,,,,,4096,
,CUI,RN,2718378,,CUI,isa,164823451,,RXNORM,,,,,4096,
,CUI,RN,2718381,,CUI,tradename_of,164823473,,RXNORM,,,,,4096,
,CUI,RO,721656,,CUI,dose_form_of,164823458,,RXNORM,,,,,4096,
,CUI,RB,1657136,,CUI,inverse_isa,164823454,,RXNORM,,,,,4096,
,CUI,RB,1657137,,CUI,inverse_isa,164823452,,RXNORM,,,,,4096,
,CUI,RO,1657138,,CUI,ingredients_of,164823460,,RXNORM,,,,,4096,
,CUI,RO,2605728,,CUI,constitutes,164823456,,RXNORM,,,,,4096,
,CUI,RO,2641878,,CUI,constitutes,164823446,,RXNORM,,,,,4096,
,CUI,RO,2718365,,CUI,constitutes,164823448,,RXNORM,,,,,4096,
,CUI,RB,2718377,,CUI,inverse_isa,164823450,,RXNORM,,,,,4096,
,CUI,RN,2718382,,CUI,tradename_of,164823493,,RXNORM,,,,,4096,
,CUI,RO,721656,,CUI,dose_form_of,164823466,,RXNORM,,,,,4096,
,CUI,RB,1657137,,CUI,has_tradename,164823464,,RXNORM,,,,,4096,
,CUI,RO,2718369,,CUI,ingredient_of,164823470,,RXNORM,,,,,4096,
,CUI,RB,2718371,,CUI,inverse_isa,164823468,,RXNORM,,,,,4096,
,CUI,RN,2718381,,CUI,form_of,164823475,,RXNORM,,,,,4096,
,CUI,RN,2718382,,CUI,isa,164823481,,RXNORM,,,,,4096,
,CUI,RB,2718377,,CUI,has_tradename,164823472,,RXNORM,,,,,4096,
,CUI,RB,2718380,,CUI,has_form,164823474,,RXNORM,,,,,4096,
,CUI,RN,2718382,,CUI,isa,164823487,,RXNORM,,,,,4096,
,CUI,RO,721656,,CUI,dose_form_of,164823488,,RXNORM,,,,,4096,
,CUI,RO,2605728,,CUI,constitutes,164823484,,RXNORM,,,,,4096,
,CUI,RO,2641878,,CUI,constitutes,164823476,,RXNORM,,,,,4096,
,CUI,RO,2718365,,CUI,constitutes,164823478,,RXNORM,,,,,4096,
,CUI,RO,2718369,,CUI,ingredient_of,164823494,,RXNORM,,,,,4096,
,CUI,RO,2718370,,CUI,constitutes,164823482,,RXNORM,,,,,4096,
,CUI,RB,2718371,,CUI,inverse_isa,164823490,,RXNORM,,,,,4096,
,CUI,RB,2718378,,CUI,has_tradename,164823492,,RXNORM,,,,,4096,
,CUI,RB,2718380,,CUI,inverse_isa,164823480,,RXNORM,,,,,4096,
,CUI,RB,2718381,,CUI,inverse_isa,164823486,,RXNORM,,,,,4096,
,CUI,RB,1657137,,CUI,has_form,164823524,,RXNORM,,,,,4096,
,CUI,RO,2605039,,CUI,boss_of,164823522,,RXNORM,,,,,4096,
,CUI,RO,2641622,,CUI,boss_of,164823520,,RXNORM,,,,,4096,
,CUI,RO,2708995,,CUI,boss_of,164823528,,RXNORM,,,,,4096,
,CUI,RN,2718386,,CUI,isa,164823541,,RXNORM,,,,,4096,
,CUI,RN,2718392,,CUI,tradename_of,164823601,,RXNORM,,,,,4096,
,CUI,RN,2718399,,CUI,tradename_of,164823683,,RXNORM,,,,,4096,
,CUI,RN,2718461,,CUI,tradename_of,164825503,,RXNORM,,,,,4096,
,CUI,RO,721656,,CUI,dose_form_of,164823542,,RXNORM,,,,,4096,
,CUI,RB,1657136,,CUI,inverse_isa,164823536,,RXNORM,,,,,4096,
,CUI,RB,1657137,,CUI,inverse_isa,164823534,,RXNORM,,,,,4096,
,CUI,RO,1657138,,CUI,ingredients_of,164823544,,RXNORM,,,,,4096,
,CUI,RO,2605044,,CUI,constitutes,164823538,,RXNORM,,,,,4096,
,CUI,RO,2641625,,CUI,constitutes,164823532,,RXNORM,,,,,4096,
,CUI,RO,2709118,,CUI,constitutes,164823530,,RXNORM,,,,,4096,
,CUI,RB,2718385,,CUI,inverse_isa,164823540,,RXNORM,,,,,4096,
,CUI,RN,2718393,,CUI,tradename_of,164823611,,RXNORM,,,,,4096,
,CUI,RN,2718400,,CUI,tradename_of,164823707,,RXNORM,,,,,4096,
,CUI,RN,2718462,,CUI,tradename_of,164825507,,RXNORM,,,,,4096,
,CUI,RB,1657128,,CUI,has_tradename,164823564,,RXNORM,,,,,4096,
,CUI,RB,1657131,,CUI,has_tradename,164823572,,RXNORM,,,,,4096,
,CUI,RB,1657134,,CUI,has_tradename,164823568,,RXNORM,,,,,4096,
,CUI,RB,2605039,,CUI,precise_ingredient_of,164823570,,RXNORM,,,,,4096,
,CUI,RB,2641622,,CUI,precise_ingredient_of,164823566,,RXNORM,,,,,4096,
,CUI,RB,2708995,,CUI,precise_ingredient_of,164823574,,RXNORM,,,,,4096,
,CUI,RO,2718389,,CUI,has_ingredient,164823583,,RXNORM,,,,,4096,
,CUI,RO,2718390,,CUI,has_ingredient,164823591,,RXNORM,,,,,4096,
,CUI,RO,2718391,,CUI,has_ingredient,164823595,,RXNORM,,,,,4096,
,CUI,RO,2718393,,CUI,has_ingredient,164823615,,RXNORM,,,,,4096,
,CUI,RB,2605044,,CUI,has_tradename,164823580,,RXNORM,,,,,4096,
,CUI,RB,2641625,,CUI,has_tradename,164823578,,RXNORM,,,,,4096,
,CUI,RB,2709118,,CUI,has_tradename,164823576,,RXNORM,,,,,4096,
,CUI,RO,2718388,,CUI,ingredient_of,164823582,,RXNORM,,,,,4096,
,CUI,RO,2718393,,CUI,consists_of,164823623,,RXNORM,,,,,4096,
,CUI,RO,1151126,,CUI,doseformgroup_of,164823584,,RXNORM,,,,,4096,
,CUI,RB,1657136,,CUI,has_tradename,164823586,,RXNORM,,,,,4096,
,CUI,RO,2718388,,CUI,ingredient_of,164823590,,RXNORM,,,,,4096,
,CUI,RN,2718391,,CUI,isa,164823597,,RXNORM,,,,,4096,
,CUI,RN,2718393,,CUI,isa,164823617,,RXNORM,,,,,4096,
,CUI,RO,721656,,CUI,dose_form_of,164823598,,RXNORM,,,,,4096,
,CUI,RB,1657137,,CUI,has_tradename,164823592,,RXNORM,,,,,4096,
,CUI,RO,2718388,,CUI,ingredient_of,164823594,,RXNORM,,,,,4096,
,CUI,RB,2718390,,CUI,inverse_isa,164823596,,RXNORM,,,,,4096,
,CUI,RN,2718392,,CUI,form_of,164823603,,RXNORM,,,,,4096,
,CUI,RN,2718393,,CUI,isa,164823621,,RXNORM,,,,,4096,
,CUI,RB,2718385,,CUI,has_tradename,164823600,,RXNORM,,,,,4096,
,CUI,RB,2718391,,CUI,has_form,164823602,,RXNORM,,,,,4096,
,CUI,RN,2718393,,CUI,isa,164823609,,RXNORM,,,,,4096,
,CUI,RO,721656,,CUI,dose_form_of,164823618,,RXNORM,,,,,4096,
,CUI,RO,2605044,,CUI,constitutes,164823612,,RXNORM,,,,,4096,
,CUI,RO,2641625,,CUI,constitutes,164823606,,RXNORM,,,,,4096,
,CUI,RO,2709118,,CUI,constitutes,164823604,,RXNORM,,,,,4096,
,CUI,RB,2718386,,CUI,has_tradename,164823610,,RXNORM,,,,,4096,
,CUI,RO,2718388,,CUI,ingredient_of,164823614,,RXNORM,,,,,4096,
,CUI,RO,2718389,,CUI,constitutes,164823622,,RXNORM,,,,,4096,
,CUI,RB,2718390,,CUI,inverse_isa,164823616,,RXNORM,,,,,4096,
,CUI,RB,2718391,,CUI,inverse_isa,164823620,,RXNORM,,,,,4096,
,CUI,RB,2718392,,CUI,inverse_isa,164823608,,RXNORM,,,,,4096,
,CUI,RB,1657128,,CUI,has_tradename,164823646,,RXNORM,,,,,4096,
,CUI,RB,1657131,,CUI,has_tradename,164823654,,RXNORM,,,,,4096,
,CUI,RB,1657134,,CUI,has_tradename,164823650,,RXNORM,,,,,4096,
,CUI,RB,2605039,,CUI,precise_ingredient_of,164823652,,RXNORM,,,,,4096,
,CUI,RB,2641622,,CUI,precise_ingredient_of,164823648,,RXNORM,,,,,4096,
,CUI,RB,2708995,,CUI,precise_ingredient_of,164823656,,RXNORM,,,,,4096,
,CUI,RO,2718396,,CUI,has_ingredient,164823661,,RXNORM,,,,,4096,
,CUI,RO,2718397,,CUI,has_ingredient,164823669,,RXNORM,,,,,4096,
,CUI,RO,2718398,,CUI,has_ingredient,164823675,,RXNORM,,,,,4096,
,CUI,RO,2718400,,CUI,has_ingredient,164823711,,RXNORM,,,,,4096,
,CUI,RO,2718404,,CUI,has_ingredient,164823755,,RXNORM,,,,,4096,
,CUI,RO,2718406,,CUI,has_ingredient,164823769,,RXNORM,,,,,4096,
,CUI,RB,2605044,,CUI,has_tradename,164823664,,RXNORM,,,,,4096,
,CUI,RB,2641625,,CUI,has_tradename,164823662,,RXNORM,,,,,4096,
,CUI,RB,2709118,,CUI,has_tradename,164823658,,RXNORM,,,,,4096,
,CUI,RO,2718395,,CUI,ingredient_of,164823660,,RXNORM,,,,,4096,
,CUI,RO,2718400,,CUI,consists_of,164823719,,RXNORM,,,,,4096,
,CUI,RO,2718406,,CUI,consists_of,164823779,,RXNORM,,,,,4096,
,CUI,RO,1151126,,CUI,doseformgroup_of,164823666,,RXNORM,,,,,4096,
,CUI,RB,1657136,,CUI,has_tradename,164823672,,RXNORM,,,,,4096,
,CUI,RO,2718395,,CUI,ingredient_of,164823668,,RXNORM,,,,,4096,
,CUI,RN,2718398,,CUI,isa,164823677,,RXNORM,,,,,4096,
,CUI,RN,2718400,,CUI,isa,164823715,,RXNORM,,,,,4096,
,CUI,RN,2718404,,CUI,isa,164823761,,RXNORM,,,,,4096,
,CUI,RN,2718406,,CUI,isa,164823785,,RXNORM,,,,,4096,
,CUI,RO,721656,,CUI,dose_form_of,164823680,,RXNORM,,,,,4096,
,CUI,RB,1657137,,CUI,has_tradename,164823678,,RXNORM,,,,,4096,
,CUI,RO,2718395,,CUI,ingredient_of,164823674,,RXNORM,,,,,4096,
,CUI,RB,2718397,,CUI,inverse_isa,164823676,,RXNORM,,,,,4096,
,CUI,RN,2718399,,CUI,form_of,164823685,,RXNORM,,,,,4096,
,CUI,RN,2718400,,CUI,isa,164823721,,RXNORM,,,,,4096,
,CUI,RB,2718385,,CUI,has_tradename,164823682,,RXNORM,,,,,4096,
,CUI,RB,2718398,,CUI,has_form,164823684,,RXNORM,,,,,4096,
,CUI,RN,2718400,,CUI,isa,164823717,,RXNORM,,,,,4096,
,CUI,RO,721656,,CUI,dose_form_of,164823724,,RXNORM,,,,,4096,
,CUI,RO,2605044,,CUI,constitutes,164823722,,RXNORM,,,,,4096,
,CUI,RO,2641625,,CUI,constitutes,164823712,,RXNORM,,,,,4096,
,CUI,RO,2709118,,CUI,constitutes,164823708,,RXNORM,,,,,4096,
,CUI,RB,2718386,,CUI,has_tradename,164823706,,RXNORM,,,,,4096,
,CUI,RO,2718395,,CUI,ingredient_of,164823710,,RXNORM,,,,,4096,
,CUI,RO,2718396,,CUI,constitutes,164823718,,RXNORM,,,,,4096,
,CUI,RB,2718397,,CUI,inverse_isa,164823714,,RXNORM,,,,,4096,
,CUI,RB,2718398,,CUI,inverse_isa,164823720,,RXNORM,,,,,4096,
,CUI,RB,2718399,,CUI,inverse_isa,164823716,,RXNORM,,,,,4096,
,CUI,RB,1657324,,CUI,has_form,164823734,,RXNORM,,,,,4096,
,CUI,RO,2605039,,CUI,boss_of,164823732,,RXNORM,,,,,4096,
,CUI,RO,2641622,,CUI,boss_of,164823728,,RXNORM,,,,,4096,
,CUI,RO,2708995,,CUI,boss_of,164823736,,RXNORM,,,,,4096,
,CUI,RN,2718403,,CUI,isa,164823745,,RXNORM,,,,,4096,
,CUI,RN,2718405,,CUI,tradename_of,164823765,,RXNORM,,,,,4096,
,CUI,RO,316950,,CUI,dose_form_of,164823742,,RXNORM,,,,,4096,
,CUI,RB,1657136,,CUI,inverse_isa,164823746,,RXNORM,,,,,4096,
,CUI,RO,1657138,,CUI,ingredients_of,164823752,,RXNORM,,,,,4096,
,CUI,RB,1657324,,CUI,inverse_isa,164823750,,RXNORM,,,,,4096,
,CUI,RO,2605044,,CUI,constitutes,164823748,,RXNORM,,,,,4096,
,CUI,RO,2641625,,CUI,constitutes,164823740,,RXNORM,,,,,4096,
,CUI,RO,2709118,,CUI,constitutes,164823738,,RXNORM,,,,,4096,
,CUI,RB,2718402,,CUI,inverse_isa,164823744,,RXNORM,,,,,4096,
,CUI,RN,2718406,,CUI,tradename_of,164823783,,RXNORM,,,,,4096,
,CUI,RO,316950,,CUI,dose_form_of,164823756,,RXNORM,,,,,4096,
,CUI,RB,1657324,,CUI,has_tradename,164823758,,RXNORM,,,,,4096,
,CUI,RO,2718395,,CUI,ingredient_of,164823754,,RXNORM,,,,,4096,
,CUI,RB,2718397,,CUI,inverse_isa,164823760,,RXNORM,,,,,4096,
,CUI,RN,2718405,,CUI,form_of,164823763,,RXNORM,,,,,4096,
,CUI,RN,2718406,,CUI,isa,164823777,,RXNORM,,,,,4096,
,CUI,RB,2718402,,CUI,has_tradename,164823764,,RXNORM,,,,,4096,
,CUI,RB,2718404,,CUI,has_form,164823762,,RXNORM,,,,,4096,
,CUI,RN,2718406,,CUI,isa,164823773,,RXNORM,,,,,4096,
,CUI,RO,316950,,CUI,dose_form_of,164823774,,RXNORM,,,,,4096,
,CUI,RO,2605044,,CUI,constitutes,164823780,,RXNORM,,,,,4096,
,CUI,RO,2641625,,CUI,constitutes,164823770,,RXNORM,,,,,4096,
,CUI,RO,2709118,,CUI,constitutes,164823766,,RXNORM,,,,,4096,
,CUI,RO,2718395,,CUI,ingredient_of,164823768,,RXNORM,,,,,4096,
,CUI,RO,2718396,,CUI,constitutes,164823778,,RXNORM,,,,,4096,
,CUI,RB,2718397,,CUI,inverse_isa,164823784,,RXNORM,,,,,4096,
,CUI,RB,2718403,,CUI,has_tradename,164823782,,RXNORM,,,,,4096,
,CUI,RB,2718404,,CUI,inverse_isa,164823776,,RXNORM,,,,,4096,
,CUI,RB,2718405,,CUI,inverse_isa,164823772,,RXNORM,,,,,4096,
,CUI,RB,1657128,,CUI,has_tradename,164825466,,RXNORM,,,,,4096,
,CUI,RB,1657131,,CUI,has_tradename,164825474,,RXNORM,,,,,4096,
,CUI,RB,1657134,,CUI,has_tradename,164825470,,RXNORM,,,,,4096,
,CUI,RB,2605039,,CUI,precise_ingredient_of,164825472,,RXNORM,,,,,4096,
,CUI,RB,2641622,,CUI,precise_ingredient_of,164825468,,RXNORM,,,,,4096,
,CUI,RB,2708995,,CUI,precise_ingredient_of,164825476,,RXNORM,,,,,4096,
,CUI,RO,2718458,,CUI,has_ingredient,164825483,,RXNORM,,,,,4096,
,CUI,RO,2718459,,CUI,has_ingredient,164825489,,RXNORM,,,,,4096,
,CUI,RO,2718460,,CUI,has_ingredient,164825495,,RXNORM,,,,,4096,
,CUI,RO,2718462,,CUI,has_ingredient,164825513,,RXNORM,,,,,4096,
,CUI,RB,2605044,,CUI,has_tradename,164825484,,RXNORM,,,,,4096,
,CUI,RB,2641625,,CUI,has_tradename,164825480,,RXNORM,,,,,4096,
,CUI,RB,2709118,,CUI,has_tradename,164825478,,RXNORM,,,,,4096,
,CUI,RO,2718457,,CUI,ingredient_of,164825482,,RXNORM,,,,,4096,
,CUI,RO,2718462,,CUI,consists_of,164825519,,RXNORM,,,,,4096,
,CUI,RO,1151126,,CUI,doseformgroup_of,164825486,,RXNORM,,,,,4096,
,CUI,RB,1657136,,CUI,has_tradename,164825492,,RXNORM,,,,,4096,
,CUI,RO,2718457,,CUI,ingredient_of,164825488,,RXNORM,,,,,4096,
,CUI,RN,2718460,,CUI,isa,164825497,,RXNORM,,,,,4096,
,CUI,RN,2718462,,CUI,isa,164825515,,RXNORM,,,,,4096,
,CUI,RO,721656,,CUI,dose_form_of,164825500,,RXNORM,,,,,4096,
,CUI,RB,1657137,,CUI,has_tradename,164825498,,RXNORM,,,,,4096,
,CUI,RO,2718457,,CUI,ingredient_of,164825494,,RXNORM,,,,,4096,
,CUI,RB,2718459,,CUI,inverse_isa,164825496,,RXNORM,,,,,4096,
,CUI,RN,2718461,,CUI,form_of,164825505,,RXNORM,,,,,4096,
,CUI,RN,2718462,,CUI,isa,164825525,,RXNORM,,,,,4096,
,CUI,RB,2718385,,CUI,has_tradename,164825502,,RXNORM,,,,,4096,
,CUI,RB,2718460,,CUI,has_form,164825504,,RXNORM,,,,,4096,
,CUI,RN,2718462,,CUI,isa,164825521,,RXNORM,,,,,4096,
,CUI,RO,721656,,CUI,dose_form_of,164825522,,RXNORM,,,,,4096,
,CUI,RO,2605044,,CUI,constitutes,164825516,,RXNORM,,,,,4096,
,CUI,RO,2641625,,CUI,constitutes,164825510,,RXNORM,,,,,4096,
,CUI,RO,2709118,,CUI,constitutes,164825508,,RXNORM,,,,,4096,
,CUI,RB,2718386,,CUI,has_tradename,164825506,,RXNORM,,,,,4096,
,CUI,RO,2718457,,CUI,ingredient_of,164825512,,RXNORM,,,,,4096,
,CUI,RO,2718458,,CUI,constitutes,164825518,,RXNORM,,,,,4096,
,CUI,RB,2718459,,CUI,inverse_isa,164825514,,RXNORM,,,,,4096,
,CUI,RB,2718460,,CUI,inverse_isa,164825524,,RXNORM,,,,,4096,
,CUI,RB,2718461,,CUI,inverse_isa,164825520,,RXNORM,,,,,4096,
,CUI,RB,1657128,,CUI,has_tradename,164825548,,RXNORM,,,,,4096,
,CUI,RB,1657131,,CUI,has_tradename,164825556,,RXNORM,,,,,4096,
,CUI,RB,1657134,,CUI,has_tradename,164825552,,RXNORM,,,,,4096,
,CUI,RB,2593400,,CUI,precise_ingredient_of,164825554,,RXNORM,,,,,4096,
,CUI,RB,2641622,,CUI,precise_ingredient_of,164825550,,RXNORM,,,,,4096,
,CUI,RB,2708995,,CUI,precise_ingredient_of,164825558,,RXNORM,,,,,4096,
,CUI,RO,2718465,,CUI,has_ingredient,164825563,,RXNORM,,,,,4096,
,CUI,RO,2718466,,CUI,has_ingredient,164825573,,RXNORM,,,,,4096,
,CUI,RO,2718467,,CUI,has_ingredient,164825577,,RXNORM,,,,,4096,
,CUI,RO,2718469,,CUI,has_ingredient,164825595,,RXNORM,,,,,4096,
,CUI,RO,2719211,,CUI,has_ingredient,164838259,,RXNORM,,,,,4096,
,CUI,RO,2719212,,CUI,has_ingredient,164838289,,RXNORM,,,,,4096,
,CUI,RO,2719214,,CUI,has_ingredient,164838305,,RXNORM,,,,,4096,
,CUI,RO,2719216,,CUI,has_ingredient,164838323,,RXNORM,,,,,4096,
,CUI,RB,2677166,,CUI,has_tradename,164825560,,RXNORM,,,,,4096,
,CUI,RB,2677167,,CUI,has_tradename,164825566,,RXNORM,,,,,4096,
,CUI,RB,2709010,,CUI,has_tradename,164825564,,RXNORM,,,,,4096,
,CUI,RO,2718464,,CUI,ingredient_of,164825562,,RXNORM,,,,,4096,
,CUI,RO,2718469,,CUI,consists_of,164825599,,RXNORM,,,,,4096,
,CUI,RO,1151126,,CUI,doseformgroup_of,164825568,,RXNORM,,,,,4096,
,CUI,RB,1657136,,CUI,has_tradename,164825574,,RXNORM,,,,,4096,
,CUI,RB,2709011,,CUI,has_tradename,164825570,,RXNORM,,,,,4096,
,CUI,RO,2718464,,CUI,ingredient_of,164825572,,RXNORM,,,,,4096,
,CUI,RN,2718467,,CUI,isa,164825579,,RXNORM,,,,,4096,
,CUI,RN,2718469,,CUI,isa,164825597,,RXNORM,,,,,4096,
,CUI,RN,2719212,,CUI,isa,164838293,,RXNORM,,,,,4096,
,CUI,RN,2719214,,CUI,isa,164838307,,RXNORM,,,,,4096,
,CUI,RN,2719216,,CUI,isa,164838333,,RXNORM,,,,,4096,
,CUI,RO,721656,,CUI,dose_form_of,164825582,,RXNORM,,,,,4096,
,CUI,RB,1657137,,CUI,has_tradename,164825580,,RXNORM,,,,,4096,
,CUI,RO,2718464,,CUI,ingredient_of,164825576,,RXNORM,,,,,4096,
,CUI,RB,2718466,,CUI,inverse_isa,164825578,,RXNORM,,,,,4096,
,CUI,RN,2718468,,CUI,form_of,164825585,,RXNORM,,,,,4096,
,CUI,RN,2718469,,CUI,isa,164825603,,RXNORM,,,,,4096,
,CUI,RN,2719212,,CUI,isa,164838283,,RXNORM,,,,,4096,
,CUI,RB,2709012,,CUI,has_tradename,164825586,,RXNORM,,,,,4096,
,CUI,RB,2718467,,CUI,has_form,164825584,,RXNORM,,,,,4096,
,CUI,RN,2718469,,CUI,isa,164825593,,RXNORM,,,,,4096,
,CUI,RN,2719212,,CUI,isa,164838295,,RXNORM,,,,,4096,
,CUI,RO,721656,,CUI,dose_form_of,164825604,,RXNORM,,,,,4096,
,CUI,RO,2677166,,CUI,constitutes,164825590,,RXNORM,,,,,4096,
,CUI,RO,2677167,,CUI,constitutes,164825606,,RXNORM,,,,,4096,
,CUI,RO,2709010,,CUI,constitutes,164825600,,RXNORM,,,,,4096,
,CUI,RB,2709013,,CUI,has_tradename,164825588,,RXNORM,,,,,4096,
,CUI,RO,2718464,,CUI,ingredient_of,164825594,,RXNORM,,,,,4096,
,CUI,RO,2718465,,CUI,constitutes,164825598,,RXNORM,,,,,4096,
,CUI,RB,2718466,,CUI,inverse_isa,164825596,,RXNORM,,,,,4096,
,CUI,RB,2718467,,CUI,inverse_isa,164825602,,RXNORM,,,,,4096,
,CUI,RB,2718468,,CUI,inverse_isa,164825592,,RXNORM,,,,,4096,
,CUI,RB,22396,,CUI,has_tradename,164838100,,RXNORM,,,,,4096,
,CUI,RO,2719194,,CUI,has_ingredient,164838105,,RXNORM,,,,,4096,
,CUI,RO,2719195,,CUI,has_ingredient,164838109,,RXNORM,,,,,4096,
,CUI,RO,2719196,,CUI,has_ingredient,164838117,,RXNORM,,,,,4096,
,CUI,RO,2719197,,CUI,has_ingredient,164838125,,RXNORM,,,,,4096,
,CUI,RO,2719198,,CUI,has_ingredient,164838133,,RXNORM,,,,,4096,
,CUI,RB,1870961,,CUI,has_tradename,164838102,,RXNORM,,,,,4096,
,CUI,RO,2719193,,CUI,ingredient_of,164838104,,RXNORM,,,,,4096,
,CUI,RO,2719198,,CUI,consists_of,164838141,,RXNORM,,,,,4096,
,CUI,RO,1151131,,CUI,doseformgroup_of,164838106,,RXNORM,,,,,4096,
,CUI,RB,1157200,,CUI,has_tradename,164838110,,RXNORM,,,,,4096,
,CUI,RO,2719193,,CUI,ingredient_of,164838108,,RXNORM,,,,,4096,
,CUI,RN,2719197,,CUI,isa,164838119,,RXNORM,,,,,4096,
,CUI,RN,2719198,,CUI,isa,164838137,,RXNORM,,,,,4096,
,CUI,RO,1151137,,CUI,doseformgroup_of,164838112,,RXNORM,,,,,4096,
,CUI,RB,1870962,,CUI,has_tradename,164838114,,RXNORM,,,,,4096,
,CUI,RO,2719193,,CUI,ingredient_of,164838116,,RXNORM,,,,,4096,
,CUI,RN,2719197,,CUI,isa,164838127,,RXNORM,,,,,4096,
,CUI,RN,2719198,,CUI,isa,164838135,,RXNORM,,,,,4096,
,CUI,RO,316969,,CUI,dose_form_of,164838120,,RXNORM,,,,,4096,
,CUI,RB,1870963,,CUI,has_tradename,164838122,,RXNORM,,,,,4096,
,CUI,RO,2719193,,CUI,ingredient_of,164838124,,RXNORM,,,,,4096,
,CUI,RB,2719195,,CUI,inverse_isa,164838118,,RXNORM,,,,,4096,
,CUI,RB,2719196,,CUI,inverse_isa,164838126,,RXNORM,,,,,4096,
,CUI,RN,2719198,,CUI,isa,164838131,,RXNORM,,,,,4096,
,CUI,RO,316969,,CUI,dose_form_of,164838138,,RXNORM,,,,,4096,
,CUI,RO,1870961,,CUI,constitutes,164838128,,RXNORM,,,,,4096,
,CUI,RB,1870964,,CUI,has_tradename,164838142,,RXNORM,,,,,4096,
,CUI,RO,2719193,,CUI,ingredient_of,164838132,,RXNORM,,,,,4096,
,CUI,RO,2719194,,CUI,constitutes,164838140,,RXNORM,,,,,4096,
,CUI,RB,2719195,,CUI,inverse_isa,164838136,,RXNORM,,,,,4096,
,CUI,RB,2719196,,CUI,inverse_isa,164838134,,RXNORM,,,,,4096,
,CUI,RB,2719197,,CUI,inverse_isa,164838130,,RXNORM,,,,,4096,
,CUI,RO,3992,,CUI,ingredient_of,164838144,,RXNORM,,,,,4096,
,CUI,RN,2719201,,CUI,tradename_of,164838155,,RXNORM,,,,,4096,
,CUI,RO,2719203,,CUI,consists_of,164838179,,RXNORM,,,,,4096,
,CUI,RO,2719204,,CUI,consists_of,164838195,,RXNORM,,,,,4096,
,CUI,RO,1490053,,CUI,ingredient_of,164838156,,RXNORM,,,,,4096,
,CUI,RB,2719199,,CUI,has_tradename,164838154,,RXNORM,,,,,4096,
,CUI,RO,2719204,,CUI,consists_of,164838187,,RXNORM,,,,,4096,
,CUI,RB,1163887,,CUI,inverse_isa,164838176,,RXNORM,,,,,4096,
,CUI,RO,1649574,,CUI,dose_form_of,164838172,,RXNORM,,,,,4096,
,CUI,RB,1660013,,CUI,inverse_isa,164838174,,RXNORM,,,,,4096,
,CUI,RO,2719199,,CUI,constitutes,164838178,,RXNORM,,,,,4096,
,CUI,RN,2719204,,CUI,tradename_of,164838191,,RXNORM,,,,,4096,
,CUI,RO,1490053,,CUI,ingredient_of,164838188,,RXNORM,,,,,4096,
,CUI,RB,1490056,,CUI,inverse_isa,164838192,,RXNORM,,,,,4096,
,CUI,RO,1649574,,CUI,dose_form_of,164838184,,RXNORM,,,,,4096,
,CUI,RB,1660015,,CUI,inverse_isa,164838182,,RXNORM,,,,,4096,
,CUI,RO,2719199,,CUI,constitutes,164838194,,RXNORM,,,,,4096,
,CUI,RO,2719201,,CUI,constitutes,164838186,,RXNORM,,,,,4096,
,CUI,RB,2719203,,CUI,has_tradename,164838190,,RXNORM,,,,,4096,
,CUI,RO,3992,,CUI,ingredient_of,164838198,,RXNORM,,,,,4096,
,CUI,RO,2719206,,CUI,consists_of,164838215,,RXNORM,,,,,4096,
,CUI,RN,2719208,,CUI,tradename_of,164838219,,RXNORM,,,,,4096,
,CUI,RO,2719209,,CUI,consists_of,164838233,,RXNORM,,,,,4096,
,CUI,RB,1163887,,CUI,inverse_isa,164838212,,RXNORM,,,,,4096,
,CUI,RO,1649574,,CUI,dose_form_of,164838208,,RXNORM,,,,,4096,
,CUI,RB,1660013,,CUI,inverse_isa,164838210,,RXNORM,,,,,4096,
,CUI,RO,2719205,,CUI,constitutes,164838214,,RXNORM,,,,,4096,
,CUI,RN,2719209,,CUI,tradename_of,164838235,,RXNORM,,,,,4096,
,CUI,RO,1490053,,CUI,ingredient_of,164838220,,RXNORM,,,,,4096,
,CUI,RB,2719205,,CUI,has_tradename,164838218,,RXNORM,,,,,4096,
,CUI,RO,2719209,,CUI,consists_of,164838229,,RXNORM,,,,,4096,
,CUI,RO,1490053,,CUI,ingredient_of,164838226,,RXNORM,,,,,4096,
,CUI,RB,1490056,,CUI,inverse_isa,164838230,,RXNORM,,,,,4096,
,CUI,RO,1649574,,CUI,dose_form_of,164838224,,RXNORM,,,,,4096,
,CUI,RB,1660015,,CUI,inverse_isa,164838222,,RXNORM,,,,,4096,
,CUI,RO,2719205,,CUI,constitutes,164838232,,RXNORM,,,,,4096,
,CUI,RB,2719206,,CUI,has_tradename,164838234,,RXNORM,,,,,4096,
,CUI,RO,2719208,,CUI,constitutes,164838228,,RXNORM,,,,,4096,
,CUI,RB,2593856,,CUI,has_tradename,164838256,,RXNORM,,,,,4096,
,CUI,RB,2641625,,CUI,has_tradename,164838254,,RXNORM,,,,,4096,
,CUI,RB,2709118,,CUI,has_tradename,164838252,,RXNORM,,,,,4096,
,CUI,RO,2718464,,CUI,ingredient_of,164838258,,RXNORM,,,,,4096,
,CUI,RO,2719212,,CUI,consists_of,164838299,,RXNORM,,,,,4096,
,CUI,RO,2719216,,CUI,consists_of,164838327,,RXNORM,,,,,4096,
,CUI,RO,721656,,CUI,dose_form_of,164838296,,RXNORM,,,,,4096,
,CUI,RO,2593856,,CUI,constitutes,164838286,,RXNORM,,,,,4096,
,CUI,RO,2641625,,CUI,constitutes,164838284,,RXNORM,,,,,4096,
,CUI,RO,2709118,,CUI,constitutes,164838280,,RXNORM,,,,,4096,
,CUI,RB,2709236,,CUI,has_tradename,164838290,,RXNORM,,,,,4096,
,CUI,RO,2718464,,CUI,ingredient_of,164838288,,RXNORM,,,,,4096,
,CUI,RB,2718466,,CUI,inverse_isa,164838292,,RXNORM,,,,,4096,
,CUI,RB,2718467,,CUI,inverse_isa,164838282,,RXNORM,,,,,4096,
,CUI,RB,2718468,,CUI,inverse_isa,164838294,,RXNORM,,,,,4096,
,CUI,RO,2719211,,CUI,constitutes,164838298,,RXNORM,,,,,4096,
,CUI,RO,316950,,CUI,dose_form_of,164838302,,RXNORM,,,,,4096,
,CUI,RB,1657324,,CUI,has_tradename,164838308,,RXNORM,,,,,4096,
,CUI,RO,2718464,,CUI,ingredient_of,164838304,,RXNORM,,,,,4096,
,CUI,RB,2718466,,CUI,inverse_isa,164838306,,RXNORM,,,,,4096,
,CUI,RN,2719215,,CUI,form_of,164838311,,RXNORM,,,,,4096,
,CUI,RN,2719216,,CUI,isa,164838325,,RXNORM,,,,,4096,
,CUI,RB,2709230,,CUI,has_tradename,164838312,,RXNORM,,,,,4096,
,CUI,RB,2719214,,CUI,has_form,164838310,,RXNORM,,,,,4096,
,CUI,RN,2719216,,CUI,isa,164838331,,RXNORM,,,,,4096,
,CUI,RO,316950,,CUI,dose_form_of,164838320,,RXNORM,,,,,4096,
,CUI,RO,2593856,,CUI,constitutes,164838318,,RXNORM,,,,,4096,
,CUI,RO,2641625,,CUI,constitutes,164838316,,RXNORM,,,,,4096,
,CUI,RO,2709118,,CUI,constitutes,164838314,,RXNORM,,,,,4096,
,CUI,RB,2709231,,CUI,has_tradename,164838328,,RXNORM,,,,,4096,
,CUI,RO,2718464,,CUI,ingredient_of,164838322,,RXNORM,,,,,4096,
,CUI,RB,2718466,,CUI,inverse_isa,164838332,,RXNORM,,,,,4096,
,CUI,RO,2719211,,CUI,constitutes,164838326,,RXNORM,,,,,4096,
,CUI,RB,2719214,,CUI,inverse_isa,164838324,,RXNORM,,,,,4096,
,CUI,RB,2719215,,CUI,inverse_isa,164838330,,RXNORM,,,,,4096,
,CUI,RO,6205,,CUI,ingredient_of,164838514,,RXNORM,,,,,4096,
,CUI,RO,2719244,,CUI,consists_of,164838531,,RXNORM,,,,,4096,
,CUI,RO,100272,,CUI,ingredient_of,164838516,,RXNORM,,,,,4096,
,CUI,RO,2719244,,CUI,consists_of,164838519,,RXNORM,,,,,4096,
,CUI,RO,317541,,CUI,dose_form_of,164838520,,RXNORM,,,,,4096,
,CUI,RO,2529760,,CUI,ingredients_of,164838524,,RXNORM,,,,,4096,
,CUI,RB,2529766,,CUI,inverse_isa,164838526,,RXNORM,,,,,4096,
,CUI,RB,2529788,,CUI,inverse_isa,164838528,,RXNORM,,,,,4096,
,CUI,RB,2529792,,CUI,inverse_isa,164838522,,RXNORM,,,,,4096,
,CUI,RO,2719242,,CUI,constitutes,164838530,,RXNORM,,,,,4096,
,CUI,RO,2719243,,CUI,constitutes,164838518,,RXNORM,,,,,4096,
